iteration, error-x, error-z, time, Px-term, Ix-term, Dx-term,Pz-term, Iz-term, Dz-term, left PWM, right PWM
1, -42.75,0.26476970681095446,0.4913926124572754, -2.565, -0.0, -8.55, 0.26476970681095446,0.0, 1.3238485340547723, 0.0, 1.5886182408657268
2, -42.5,0.2278968363894338,0.02605295181274414, -2.55, -0.0, 0.05, 0.2278968363894338,0.0, -0.18436435210760327, 0.0, 1.6321507251475573
3, -41.25,0.2651307528778397,0.021143198013305664, -2.475, -0.0, 0.25, 0.2651307528778397,0.0, 0.18616958244202952, 0.0, 2.083451060467427
4, -41.25,0.2651307528778397,0.022536516189575195, -2.475, -0.0, 0.0, 0.2651307528778397,0.0, 0.0, 0.0, 2.3485818133452665
5, -42.0,0.25560664807934863,0.02013111114501953, -2.52, -0.0, -0.15000000000000002, 0.25560664807934863,0.0, -0.04762052399245542, 0.0, 2.5565679374321597
6, -40.25,0.2648179506906725,0.017873048782348633, -2.415, -0.0, 0.35000000000000003, 0.2648179506906725,0.0, 0.046056513056619286, 0.8024424011794515, 2.8674424011794515
7, -23.5,0.3237031267290734,0.017835140228271484, -1.41, -0.0, 3.35, 0.3237031267290734,0.0, 0.29442588019200466, 3.4855714081005296, 1.5455714081005294
8, -21.0,0.3261325231653691,0.019554615020751953, -1.26, -0.0, 0.5, 0.3261325231653691,0.0, 0.012146982181478472, 3.063850913447377, 3.823850913447377
9, -19.75,0.33849958962947857,0.021874189376831055, -1.185, -0.0, 0.25, 0.33849958962947857,0.0, 0.061835332320547276, 3.289185835397403, 4.224185835397403
10, -19.25,0.36228255958669386,0.021834135055541992, -1.155, -0.0, 0.1, 0.36228255958669386,0.0, 0.11891484978607647, 3.6503832447701736, 4.705383244770173
11, -18.5,0.3769531360970365,0.023570775985717773, -1.1099999999999999, -0.0, 0.15000000000000002, 0.3769531360970365,0.0, 0.07335288255171324, 4.195689263418923, 5.155689263418923
12, -18.5,0.3741632292985442,0.022951364517211914, -1.1099999999999999, -0.0, 0.0, 0.3741632292985442,0.0, -0.013949533992461682, 4.405902958725006, 5.515902958725006
13, -18.5,0.3739749102548896,0.0237271785736084, -1.1099999999999999, -0.0, 0.0, 0.3739749102548896,0.0, -0.0009415952182728615, 4.778936273761623, 5.888936273761622
14, -19.25,0.3611445878967132,0.023291826248168945, -1.155, -0.0, -0.15000000000000002, 0.3611445878967132,0.0, -0.06415161179088191, 4.880929249867453, 6.185929249867454
15, -19.5,0.37376580047178143,0.024318933486938477, -1.17, -0.0, -0.05, 0.37376580047178143,0.0, 0.06310606287534104, 5.402801113214577, 6.622801113214576
16, -18.5,0.373812351714791,0.03150653839111328, -1.1099999999999999, -0.0, 0.2, 0.373812351714791,0.0, 0.00023275621504781352, 6.086846221144415, 6.996846221144415
17, -15.75,0.38967331147229367,0.03338193893432617, -0.945, -0.0, 0.55, 0.38967331147229367,0.0, 0.0793047987875134, 7.070824331404223, 7.465824331404223
18, -15.0,0.3760763429277535,0.02312922477722168, -0.8999999999999999, -0.0, 0.15000000000000002, 0.3760763429277535,0.0, -0.06798484272270089, 7.023915831609275, 7.773915831609275
19, -12.0,0.3513934519451023,0.021655559539794922, -0.72, -0.0, 0.6000000000000001, 0.3513934519451023,0.0, -0.12341445491325598, 7.881894828641122, 8.001894828641122
20, -9.75,0.3640555673642111,0.02078557014465332, -0.585, -0.0, 0.45, 0.3640555673642111,0.0, 0.06331057709554389, 8.294260973100878, 8.429260973100877
21, -8.75,0.3412122420226299,0.02319955825805664, -0.525, -0.0, 0.2, 0.3412122420226299,0.0, -0.11421662670790589, 8.331256588415602, 8.656256588415602
22, -9.25,0.36322316988649317,0.023865222930908203, -0.5549999999999999, -0.0, -0.1, 0.36322316988649317,0.0, 0.11005463931931636, 8.474534397621412, 9.129534397621411
23, -10.0,0.3312676137929257,0.022553443908691406, -0.6, -0.0, -0.15000000000000002, 0.3312676137929257,0.0, -0.15977778046783742, 8.5510242309465, 9.3010242309465
24, -11.0,0.32636654308786994,0.021282672882080078, -0.6599999999999999, -0.0, -0.2, 0.32636654308786994,0.0, -0.024505353525278717, 8.742885420509092, 9.602885420509091
25, -17.5,0.3522780917922811,0.021229028701782227, -1.05, -0.0, -1.3, 0.3522780917922811,0.0, 0.12955774352205573, 7.734721255823429, 10.084721255823428
26, -20.25,0.38730395052068156,0.02237725257873535, -1.2149999999999999, -0.0, -0.55, 0.38730395052068156,0.0, 0.17512929364200236, 8.882154499986111, 10.647154499986112
27, -22.5,0.39953392913495356,0.02204728126525879, -1.3499999999999999, -0.0, -0.45, 0.39953392913495356,0.0, 0.061149893071359984, 9.307838322192424, 11.107838322192425
28, -24.25,0.4176308021474109,0.02265644073486328, -1.4549999999999998, -0.0, -0.35000000000000003, 0.4176308021474109,0.0, 0.09048436506228663, 9.810953489402122, 11.615953489402122
29, -26.75,0.4460964727435448,0.02199697494506836, -1.605, -0.0, -0.5, 0.4460964727435448,0.0, 0.1423283529806696, 10.099378315126335, 12.204378315126336
30, -29.25,0.4743631495623608,0.022272586822509766, -1.755, -0.0, -0.5, 0.4743631495623608,0.0, 0.14133338409408003, 10.565074848782778, 12.820074848782777
31, -29.75,0.5026869967137984,0.022982358932495117, -1.785, -0.0, -0.1, 0.5026869967137984,0.0, 0.1416192357571877, 11.579381081253764, 13.464381081253764
32, -29.75,0.5044249621530974,0.031088829040527344, -1.785, -0.0, 0.0, 0.5044249621530974,0.0, 0.008689827196495248, 12.192495870603356, 13.977495870603356
33, -31.0,0.525184540955449,0.03342556953430176, -1.8599999999999999, -0.0, -0.25, 0.525184540955449,0.0, 0.10379789401175787, 12.496478305570562, 14.606478305570562
34, -32.0,0.5281594510747489,0.022530794143676758, -1.92, -0.0, -0.2, 0.5281594510747489,0.0, 0.01487455059649978, 13.02951230724181, 15.14951230724181
35, -32.25,0.5426001388226824,0.02233266830444336, -1.9349999999999998, -0.0, -0.05, 0.5426001388226824,0.0, 0.0722034387396675, 13.779315884804161, 15.76431588480416
36, -32.25,0.5438656615982982,0.031577348709106445, -1.9349999999999998, -0.0, 0.0, 0.5438656615982982,0.0, 0.006327613878078786, 14.379509160280536, 16.314509160280537
37, -31.25,0.5444798426533559,0.021118640899658203, -1.875, -0.0, 0.2, 0.5444798426533559,0.0, 0.003070905275288638, 15.187059908209182, 16.862059908209183
38, -29.25,0.5442149128410569,0.02200603485107422, -1.755, -0.0, 0.4, 0.5442149128410569,0.0, -0.0013246490614948758, 16.049950171988744, 17.404950171988745
39, -29.25,0.5443449488478258,0.02152562141418457, -1.755, -0.0, 0.0, 0.5443449488478258,0.0, 0.0006501800338443164, 16.194945300870415, 17.949945300870414
40, -29.0,0.5255224366555629,0.02074122428894043, -1.74, -0.0, 0.05, 0.5255224366555629,0.0, -0.0941125609613147, 16.69135517656466, 18.38135517656466
41, -28.0,0.5289725529436735,0.022515535354614258, -1.68, -0.0, 0.2, 0.5289725529436735,0.0, 0.017250581440553248, 17.447578310948888, 18.92757831094889
42, -26.75,0.5101436106514792,0.021601200103759766, -1.605, -0.0, 0.25, 0.5101436106514792,0.0, -0.0941447114609717, 17.988577210139397, 19.343577210139397
43, -26.75,0.5090966759234647,0.021184682846069336, -1.605, -0.0, 0.0, 0.5090966759234647,0.0, -0.005234673640072129, 18.242439212422788, 19.84743921242279
44, -27.75,0.5085756725568391,0.022090673446655273, -1.665, -0.0, -0.2, 0.5085756725568391,0.0, -0.002605016833128193, 18.4884098681465, 20.3534098681465
45, -29.0,0.49007829898003064,0.02117156982421875, -1.74, -0.0, -0.25, 0.49007829898003064,0.0, -0.09248686788404237, 18.76100129924249, 20.75100129924249
46, -31.5,0.45515900774369766,0.02203512191772461, -1.89, -0.0, -0.5, 0.45515900774369766,0.0, -0.17459645618166486, 18.64156385080452, 21.03156385080452
47, -32.25,0.4716930755615144,0.021287202835083008, -1.9349999999999998, -0.0, -0.15000000000000002, 0.4716930755615144,0.0, 0.08267033908908372, 19.50092726545512, 21.58592726545512
48, -32.25,0.4709183536660666,0.030495405197143555, -1.9349999999999998, -0.0, 0.0, 0.4709183536660666,0.0, -0.003873609477239026, 20.11797200964395, 22.05297200964395
49, -33.75,0.43993999771898085,0.03081822395324707, -2.025, -0.0, -0.30000000000000004, 0.43993999771898085,0.0, -0.15489177973542878, 20.0130202276275, 22.3380202276275
50, -37.25,0.4368503715821922,0.0231783390045166, -2.235, -0.0, -0.7000000000000001, 0.4368503715821922,0.0, -0.01544813068394324, 19.82442246852575, 22.75942246852575
51, -38.5,0.4193665622216012,0.022752046585083008, -2.31, -0.0, -0.25, 0.4193665622216012,0.0, -0.08741904680295509, 20.531369983944398, 23.091369983944396
52, -36.75,0.43017951250638586,0.021940946578979492, -2.205, -0.0, 0.35000000000000003, 0.43017951250638586,0.0, 0.05406475142392342, 21.720614247874707, 23.575614247874707
53, -36.0,0.36917215391924585,0.021175384521484375, -2.16, -0.0, 0.15000000000000002, 0.36917215391924585,0.0, -0.3050367929357001, 21.62974960885825, 23.639749608858253
54, -36.25,0.4367209419091136,0.02108454704284668, -2.175, -0.0, -0.05, 0.4367209419091136,0.0, 0.3377439399493387, 22.189214490716708, 24.414214490716706
55, -37.25,0.43576473632350177,0.01924443244934082, -2.235, -0.0, -0.2, 0.43576473632350177,0.0, -0.004781027928059123, 22.41019819911215, 24.845198199112147
56, -38.75,0.40517462957303174,0.020926952362060547, -2.3249999999999997, -0.0, -0.30000000000000004, 0.40517462957303174,0.0, -0.15295053375235013, 22.47242229493283, 25.09742229493283
57, -38.0,0.3912333306611393,0.022661209106445312, -2.28, -0.0, 0.15000000000000002, 0.3912333306611393,0.0, -0.0697064945594622, 23.288949131034506, 25.418949131034505
58, -35.25,0.4055467658015466,0.021441936492919922, -2.1149999999999998, -0.0, 0.55, 0.4055467658015466,0.0, 0.07156717570203641, 24.331063072538086, 25.896063072538087
59, -34.5,0.39631511385264595,0.020448684692382812, -2.07, -0.0, 0.15000000000000002, 0.39631511385264595,0.0, -0.04615825974450316, 24.326219926646232, 26.24621992664623
60, -30.75,0.3829871366450447,0.022211790084838867, -1.845, -0.0, 0.75, 0.3829871366450447,0.0, -0.0666398860380063, 25.46756717725327, 26.562567177253268
61, -29.25,0.3597331320759024,0.021514415740966797, -1.755, -0.0, 0.30000000000000004, 0.3597331320759024,0.0, -0.11627002284571142, 25.35103028648346, 26.80603028648346
62, -25.75,0.33758758790074384,0.020621299743652344, -1.545, -0.0, 0.7000000000000001, 0.33758758790074384,0.0, -0.11072772087579286, 26.187890153508413, 27.03289015350841
63, -23.5,0.3260965363514121,0.021228551864624023, -1.41, -0.0, 0.45, 0.3260965363514121,0.0, -0.057455257746658606, 26.341531432113165, 27.301531432113165
64, -22.25,0.31464073449352814,0.029047727584838867, -1.335, -0.0, 0.25, 0.31464073449352814,0.0, -0.05727900928941987, 26.473893157317274, 27.558893157317275
65, -22.5,0.3245848528987231,0.028992414474487305, -1.3499999999999999, -0.0, -0.05, 0.3245848528987231,0.0, 0.049720592025974675, 26.533198602241974, 27.933198602241973
66, -26.75,0.3098774133122202,0.018244266510009766, -1.605, -0.0, -0.8500000000000001, 0.3098774133122202,0.0, -0.07353719793251445, 25.71453881762168, 28.169538817621678
67, -30.0,0.2957813899291101,0.01770472526550293, -1.7999999999999998, -0.0, -0.65, 0.2957813899291101,0.0, -0.07048011691555056, 25.94484009063524, 28.39484009063524
68, -28.25,0.3052622348452091,0.021242856979370117, -1.6949999999999998, -0.0, 0.35000000000000003, 0.3052622348452091,0.0, 0.04740422458049509, 27.402506550060945, 28.747506550060944
69, -26.5,0.3200483600752898,0.018989086151123047, -1.5899999999999999, -0.0, 0.35000000000000003, 0.3200483600752898,0.0, 0.07393062615040358, 27.90148553628664, 29.141485536286638
70, -28.0,0.2975549886431922,0.019205093383789062, -1.68, -0.0, -0.30000000000000004, 0.2975549886431922,0.0, -0.1124668571604881, 27.34657366776934, 29.326573667769342
71, -31.5,0.26137308831005424,0.020557641983032227, -1.89, -0.0, -0.7000000000000001, 0.26137308831005424,0.0, -0.18090950166568975, 26.817037254413705, 29.407037254413705
72, -38.0,0.31083914323282336,0.0209503173828125, -2.28, -0.0, -1.3, 0.31083914323282336,0.0, 0.2473302746138456, 26.385206672260374, 29.965206672260376
73, -37.5,0.311099416636627,0.016970396041870117, -2.25, -0.0, 0.1, 0.311099416636627,0.0, 0.0013013670190181736, 28.12760745591602, 30.27760745591602
74, -36.75,0.2927836602691142,0.018500328063964844, -2.205, -0.0, 0.15000000000000002, 0.2927836602691142,0.0, -0.09157878183756407, 28.42381233434757, 30.47881233434757
75, -39.5,0.2738392262730025,0.02181863784790039, -2.37, -0.0, -0.55, 0.2738392262730025,0.0, -0.09472216998055838, 27.737929390640012, 30.657929390640014
76, -46.75,0.2726003013867445,0.019858837127685547, -2.8049999999999997, -0.0, -1.4500000000000002, 0.2726003013867445,0.0, -0.00619462443128993, 26.66933506759547, 30.924335067595468
77, -50.5,0.2536335844114095,0.02167367935180664, -3.03, -0.0, -0.75, 0.2536335844114095,0.0, -0.09483358487667515, 27.303135067130203, 31.083135067130204
78, -57.5,0.2385561288197715,0.019097566604614258, -3.4499999999999997, -0.0, -1.4000000000000001, 0.2385561288197715,0.0, -0.07538727795818989, 26.396303917991787, 31.246303917991785
79, -58.25,0.20128605195185634,0.018743038177490234, -3.4949999999999997, -0.0, -0.15000000000000002, 0.20128605195185634,0.0, -0.18635038433957585, 27.616239585604067, 31.261239585604066
80, -60.0,0.21994199930604552,0.027605295181274414, -3.5999999999999996, -0.0, -0.35000000000000003, 0.21994199930604552,0.0, 0.09327973677094592, 27.624461321681057, 31.574461321681056
81, -61.5,0.19919774506093224,0.024731874465942383, -3.69, -0.0, -0.30000000000000004, 0.19919774506093224,0.0, -0.1037212712255664, 27.679937795516423, 31.66993779551642
82, -64.75,0.17683955926050776,0.021683931350708008, -3.885, -0.0, -0.65, 0.17683955926050776,0.0, -0.1117909290021224, 27.199986425774807, 31.734986425774807
83, -63.75,0.18354539101793166,0.019526004791259766, -3.8249999999999997, -0.0, 0.2, 0.18354539101793166,0.0, 0.033529158787119484, 28.327060975579858, 31.952060975579858
84, -58.0,0.21208976686904846,0.018083572387695312, -3.48, -0.0, 1.1500000000000001, 0.21208976686904846,0.0, 0.142721879255584, 29.976872621704494, 32.30687262170449
85, -54.75,0.2033304467034529,0.01770305633544922, -3.2849999999999997, -0.0, 0.65, 0.2033304467034529,0.0, -0.04379660082797776, 29.831406467579967, 32.466406467579965
86, -45.75,0.2238884492031179,0.016713857650756836, -2.745, -0.0, 1.8, 0.2238884492031179,0.0, 0.10279001249832498, 31.848084929281406, 32.793084929281406
87, 62.75,0.2956053941235076,0.04013848304748535, 3.7649999999999997, -0.0, 21.700000000000003, 0.2956053941235076,0.0, 0.35858472460194857, 33.447275048006865, 7.982275048006862
88, 77.0,0.20153297101263912,0.03701043128967285, 4.62, -0.0, 2.85, 0.20153297101263912,0.0, -0.4703621155543425, 33.17844590346516, 25.70844590346516
89, -14.5,0.21695194533616413,0.0432429313659668, -0.87, -0.0, -18.3, 0.21695194533616413,0.0, 0.07709487161762507, 14.302492720418947, 33.47249272041895
90, -36.75,0.12815601262028364,0.045639753341674805, -2.205, -0.0, -4.45, 0.12815601262028364,0.0, -0.44397966357940244, 26.50166906945983, 33.15666906945983
91, 15.5,-0.14530562772414046,0.045726776123046875, 0.9299999999999999, -0.0, 10.450000000000001, -0.4359168831724214,0.0, -1.3673082017221205, 31.35344398456529, 19.973443984565286
92, 0,-0.14661038749290162,0.02669525146484375, 0.0, -0.0, -3.1, -0.43983116247870485,0.0, -0.006523798843805773, 27.807089023242778, 30.90708902324278
93, -45.0,-0.09841947056655587,0.04388594627380371, -2.6999999999999997, -0.0, -9.0, -0.2952584116996676,0.0, 0.24095458463172875, 19.15278519617484, 30.85278519617484
94, -53.25,-0.03833618724791349,0.024730443954467773, -3.195, -0.0, -1.6500000000000001, -0.11500856174374047,0.0, 0.3004164165932119, 26.193193051024313, 31.03819305102431
95, -63.5,-0.1407361112497228,0.019173622131347656, -3.81, -0.0, -2.0500000000000003, -0.4222083337491684,0.0, -0.5119996200090465, 24.243985097266098, 30.103985097266097
96, -73.25,-0.15443240675675574,0.018535614013671875, -4.395, -0.0, -1.9500000000000002, -0.4632972202702672,0.0, -0.0684814775351647, 23.227206399460666, 29.572206399460665
97, -84.5,-0.08256591573103017,0.019047021865844727, -5.069999999999999, -0.0, -2.25, -0.2476977471930905,0.0, 0.3593324551286278, 22.3638411073962, 29.6838411073962
98, -100.0,-0.16608999501816274,0.018326997756958008, -6.0, -0.0, -3.1, -0.4982699850544882,0.0, -0.41762039643566284, 19.667950725906053, 28.76795072590605
99, -102.25,-0.12361816087274818,0.018545866012573242, -6.135, -0.0, -0.45, -0.37085448261824455,0.0, 0.21235917072707278, 22.024455414014877, 28.609455414014878
100, -44.25,-0.12049259434261156,0.01590704917907715, -2.655, -0.0, 11.600000000000001, -0.3614777830278347,0.0, 0.015627832650683127, 28.263605463637727, 19.318605463637724
101, -35.0,-0.09396223102936291,0.01661825180053711, -2.1, -0.0, 1.85, -0.2818866930880887,0.0, 0.13265181656624325, 27.864370587115882, 28.114370587115882
102, -28.0,-0.07407604105330834,0.01537013053894043, -1.68, -0.0, 1.4000000000000001, -0.22222812315992502,0.0, 0.09943094988027285, 27.71157341383623, 27.99157341383623
103, -20.75,-0.0648482061720137,0.016037940979003906, -1.2449999999999999, -0.0, 1.4500000000000002, -0.1945446185160411,0.0, 0.04613917440647319, 27.843167969726665, 27.638167969726663
104, -18.0,-0.07670841269934103,0.015787601470947266, -1.08, -0.0, 0.55, -0.2301252380980231,0.0, -0.059301032636636664, 27.023741698992005, 27.553741698992006
105, -23.0,-0.08401216430362118,0.018317461013793945, -1.38, -0.0, -1.0, -0.25203649291086355,0.0, -0.036518758021400755, 24.88518644805974, 27.26518644805974
106, -30.25,-0.09514482483086989,0.027340173721313477, -1.815, -0.0, -1.4500000000000002, -0.28543447449260967,0.0, -0.05566330263624353, 23.65908867093089, 26.92408867093089
107, -28.5,-0.11907128099816655,0.024460315704345703, -1.71, -0.0, 0.35000000000000003, -0.35721384299449965,0.0, -0.1196322808364833, 25.087242547099905, 26.447242547099904
108, -18.5,-0.1043206116411508,0.01717972755432129, -1.1099999999999999, -0.0, 2.0, -0.3129618349234524,0.0, 0.07375334678507872, 26.20803405896153, 25.31803405896153
109, -16.75,-0.09376977396224212,0.016365528106689453, -1.005, -0.0, 0.35000000000000003, -0.28130932188672636,0.0, 0.05275418839454343, 25.324478925469347, 25.979478925469348
110, -19.5,-0.1006166268607363,0.01600027084350586, -1.17, -0.0, -0.55, -0.3018498805822089,0.0, -0.03423426449247091, 23.92339478039467, 25.64339478039467
111, -16.25,-0.10083911450348759,0.016303539276123047, -0.975, -0.0, 0.65, -0.3025173435104628,0.0, -0.0011124382137564504, 25.01476499867045, 25.33976499867045
112, 12.5,-0.07626721863730485,0.016468286514282227, 0.75, -0.0, 5.75, -0.22880165591191454,0.0, 0.12285947933091373, 25.23382282208945, 18.73382282208945
113, 34.5,-0.061398294160481426,0.015325069427490234, 2.07, -0.0, 4.4, -0.18419488248144428,0.0, 0.0743446223841171, 25.123972561992122, 18.65397256199212
114, 44.25,-0.05156715015604707,0.01602792739868164, 2.655, -0.0, 1.9500000000000002, -0.1547014504681412,0.0, 0.04915572002217178, 25.018426831546154, 20.413426831546154
115, 94.75,-0.10887343726297116,0.016768693923950195, 5.685, -0.0, 10.100000000000001, -0.3266203117889135,0.0, -0.28653143553462046, 24.40527508422262, 8.62027508422262
116, 102.0,-0.1254698573923132,0.015589475631713867, 6.12, -0.0, 1.4500000000000002, -0.3764095721769396,0.0, -0.08298210064671019, 23.94588341139897, 16.37588341139897
117, 106.25,-0.13470007629562514,0.015515804290771484, 6.375, -0.0, 0.8500000000000001, -0.4041002288868754,0.0, -0.04615109451655969, 23.495632087995535, 16.270632087995537
118, 56.0,-0.07672196225708028,0.014307737350463867, 3.36, -0.0, -10.05, -0.23016588677124084,0.0, 0.2898905701927243, 16.865356771417016, 23.555356771417017
119, 49.75,-0.07958961843719159,0.014754533767700195, 2.985, -0.0, -1.25, -0.23876885531157477,0.0, -0.014338280900556555, 23.302249635204888, 21.567249635204888
120, 18.25,-0.012279513148224175,0.01431417465209961, 1.095, -0.0, -6.300000000000001, -0.036838539444672525,0.0, 0.3365505264448371, 18.39696162220505, 23.601961622205053
121, 15.25,-0.009685996840049005,0.022478342056274414, 0.9149999999999999, -0.0, -0.6000000000000001, -0.029057990520147015,0.0, 0.01296758154087585, 23.585871213225783, 23.27087121322578
122, 13.75,0.007086834361828331,0.022103548049926758, 0.825, -0.0, -0.30000000000000004, 0.007086834361828331,0.0, 0.08386415600938668, 23.676822203597, 23.151822203597
123, 12.5,0.010173083517657666,0.023883581161499023, 0.75, -0.0, -0.25, 0.010173083517657666,0.0, 0.015431245779146674, 23.702426532893803, 23.202426532893803
124, 14.5,0.020053303779558274,0.022935867309570312, 0.87, -0.0, 0.4, 0.020053303779558274,0.0, 0.04940110130950304, 23.771880937982864, 22.501880937982865
125, 18.25,0.015971440844809393,0.020526885986328125, 1.095, -0.0, 0.75, 0.015971440844809393,0.0, -0.020409314673744405, 23.76744306415393, 21.92244306415393
126, 24.0,-0.000320531682222569,0.02314281463623047, 1.44, -0.0, 1.1500000000000001, -0.000961595046667707,0.0, -0.08145986263515981, 23.6850216064721, 21.095021606472102
127, 30.5,-0.014382056811299837,0.022919654846191406, 1.8299999999999998, -0.0, 1.3, -0.04314617043389951,0.0, -0.07030762564538634, 23.571567810392814, 20.441567810392815
128, 35.5,-0.02083309985752202,0.023774147033691406, 2.13, -0.0, 1.0, -0.06249929957256606,0.0, -0.03225521523111091, 23.47681329558914, 20.34681329558914
129, 46.5,-0.03164007712673411,0.024187326431274414, 2.79, -0.0, 2.2, -0.09492023138020234,0.0, -0.05403488634606046, 23.327858177862876, 18.337858177862877
130, 53.5,-0.05843455854966484,0.023943424224853516, 3.21, -0.0, 1.4000000000000001, -0.17530367564899452,0.0, -0.13397240711465364, 23.018582095099227, 18.408582095099227
131, 91.25,-0.12736528976626,0.022945642471313477, 5.475, -0.0, 7.550000000000001, -0.38209586929878,0.0, -0.34465365608297577, 22.29183256971747, 9.26683256971747
132, 98.75,-0.14861881078021316,0.022830486297607422, 5.925, -0.0, 1.5, -0.4458564323406395,0.0, -0.10626760506976585, 21.739708532307066, 14.314708532307066
133, 106.0,-0.16009467233708558,0.023144006729125977, 6.359999999999999, -0.0, 1.4500000000000002, -0.4802840170112567,0.0, -0.057379307784362066, 21.202045207511446, 13.392045207511448
134, 89.75,-0.15386891641092987,0.01985764503479004, 5.385, -0.0, -3.25, -0.4616067492327896,0.0, 0.031128779630778536, 20.771567237909434, 18.636567237909432
135, 83.5,-0.12351867295529456,0.014333963394165039, 5.01, -0.0, -1.25, -0.3705560188658837,0.0, 0.15175121727817653, 20.552762436321725, 16.792762436321723
136, 76.75,-0.0990987872919799,0.015824556350708008, 4.6049999999999995, -0.0, -1.35, -0.2972963618759397,0.0, 0.12209942831657328, 20.37756550276236, 17.12256550276236
137, 71.5,-0.08014566632859887,0.015334129333496094, 4.29, -0.0, -1.05, -0.24043699898579662,0.0, 0.09476560481690516, 20.231894108593465, 16.991894108593463
138, 66.5,-0.06855451619337083,0.015614509582519531, 3.9899999999999998, -0.0, -1.0, -0.2056635485801125,0.0, 0.05795575067614023, 20.084186310689493, 17.094186310689494
139, 64.5,-0.06041633057838758,0.01629948616027832, 3.8699999999999997, -0.0, -0.4, -0.18124899173516273,0.0, 0.040690928074916255, 19.943628247029245, 16.473628247029247
140, 65.75,-0.05047698171896586,0.0164334774017334, 3.945, -0.0, 0.25, -0.1514309451568976,0.0, 0.049696744297108575, 19.841894046169458, 15.646894046169457
141, 64.5,-0.04688731791199574,0.01625537872314453, 3.8699999999999997, -0.0, -0.25, -0.14066195373598722,0.0, 0.017948319034850613, 19.719180411468322, 16.09918041146832
142, 66.5,-0.04715381565863691,0.016457080841064453, 3.9899999999999998, -0.0, 0.4, -0.14146144697591073,0.0, -0.00133248873320585, 19.576386475759207, 15.186386475759207
143, 71.25,-0.04851008252360417,0.01595163345336914, 4.2749999999999995, -0.0, 0.9500000000000001, -0.1455302475708125,0.0, -0.006781334324836297, 19.42407489386356, 14.199074893863559
144, 74.75,-0.04920448860325427,0.01691913604736328, 4.484999999999999, -0.0, 0.7000000000000001, -0.1476134658097628,0.0, -0.003472030398250503, 19.272989397655547, 14.087989397655548
145, 77.5,-0.043922707970092345,0.016219615936279297, 4.6499999999999995, -0.0, 0.55, -0.13176812391027704,0.0, 0.026408903165809627, 19.16763017691108, 13.96763017691108
146, 79.5,-0.04394764034392751,0.017118453979492188, 4.77, -0.0, 0.4, -0.13184292103178252,0.0, -0.0001246618691758128, 19.03566259401012, 13.86566259401012
147, 84.5,-0.03672044790431761,0.01689291000366211, 5.069999999999999, -0.0, 1.0, -0.11016134371295283,0.0, 0.03613596219804949, 18.961637212495216, 12.891637212495215
148, 84.0,-0.03662638249945405,0.016614437103271484, 5.04, -0.0, -0.1, -0.10987914749836214,0.0, 0.00047032702431781814, 18.85222839202117, 13.91222839202117
149, 77.75,-0.026941078291949083,0.0241091251373291, 4.665, -0.0, -1.25, -0.08082323487584725,0.0, 0.04842652103752482, 18.819831678182847, 15.404831678182848
150, 69.25,-0.017466736752590084,0.024410247802734375, 4.155, -0.0, -1.7000000000000002, -0.05240021025777025,0.0, 0.047371707696794996, 18.814803175621872, 16.35980317562187
151, 64.25,-0.002152383145442416,0.023143768310546875, 3.855, -0.0, -1.0, -0.0064571494363272475,0.0, 0.07657176803573834, 18.884917794221284, 16.029917794221284
152, 54.5,0.028244256954600866,0.02251744270324707, 3.27, -0.0, -1.9500000000000002, 0.028244256954600866,0.0, 0.1519832005002164, 19.0651452516761, 17.7451452516761
153, 47.75,0.041707170768678914,0.0229339599609375, 2.8649999999999998, -0.0, -1.35, 0.041707170768678914,0.0, 0.06731456907039024, 19.17416699151517, 17.659166991515168
154, 36.5,0.03146404810496872,0.023676395416259766, 2.19, -0.0, -2.25, 0.03146404810496872,0.0, -0.05121561331855096, 19.094415426301588, 19.154415426301586
155, 31.5,0.05464835662136014,0.024640798568725586, 1.89, -0.0, -1.0, 0.05464835662136014,0.0, 0.11592154258195708, 19.324985325504905, 18.434985325504904
156, 29.75,0.07007548542978193,0.02631998062133789, 1.785, -0.0, -0.35000000000000003, 0.07007548542978193,0.0, 0.07713564404210893, 19.472196454976796, 18.037196454976797
157, 30.25,0.06054558186465997,0.025889158248901367, 1.815, -0.0, 0.1, 0.06054558186465997,0.0, -0.04764951782560978, 19.485092519015847, 17.570092519015848
158, 31.75,0.0728657778361349,0.026250839233398438, 1.905, -0.0, 0.30000000000000004, 0.0728657778361349,0.0, 0.06160097985737467, 19.619559276709357, 17.414559276709355
159, 34.5,0.06771740201106347,0.020130634307861328, 2.07, -0.0, 0.55, 0.06771740201106347,0.0, -0.025741879125357192, 19.661534799595064, 17.041534799595063
160, 48.0,0.020326045809472615,0.019568443298339844, 2.88, -0.0, 2.7, 0.020326045809472615,0.0, -0.23695678100795425, 19.44490406439658, 13.864904064396582
161, 54.0,0.05824259285184108,0.018932580947875977, 3.2399999999999998, -0.0, 1.2000000000000002, 0.05824259285184108,0.0, 0.18958273521184232, 19.692729392460265, 15.252729392460266
162, 59.5,0.06200950985967846,0.019318103790283203, 3.57, -0.0, 1.1, 0.06200950985967846,0.0, 0.01883458503918689, 19.77357348735913, 15.10357348735913
163, 64.25,0.057436154810896145,0.021250486373901367, 3.855, -0.0, 0.9500000000000001, 0.057436154810896145,0.0, -0.022866775243911563, 19.808142866926115, 15.003142866926115
164, 72.5,0.022773571640758328,0.02094292640686035, 4.35, -0.0, 1.6500000000000001, 0.022773571640758328,0.0, -0.1733129158506891, 19.657603522716183, 13.657603522716183
165, 70.5,0.02206201501877736,0.020200014114379883, 4.2299999999999995, -0.0, -0.4, 0.02206201501877736,0.0, -0.003557783109904844, 19.676107754625054, 15.846107754625054
166, 66.25,0.03721005954639467,0.019070863723754883, 3.9749999999999996, -0.0, -0.8500000000000001, 0.03721005954639467,0.0, 0.07574022263808655, 19.789058036809536, 16.664058036809536
167, -61.25,-0.024909623045029194,0.03987717628479004, -3.675, -0.0, -25.5, -0.07472886913508758,0.0, -0.3105984129571193, 0.0, 19.40373075471733
168, -71.25,-0.05042125752773202,0.023059606552124023, -4.2749999999999995, -0.0, -2.0, -0.15126377258319607,0.0, -0.12755817241351414, 12.84990880972062, 19.12490880972062
169, -81.25,-0.12410233912420143,0.02028942108154297, -4.875, -0.0, -2.0, -0.3723070173726043,0.0, -0.36840540798234706, 11.50919638436567, 18.38419638436567
170, -83.5,-0.10261517159057565,0.026093482971191406, -5.01, -0.0, -0.45, -0.30784551477172695,0.0, 0.10743583766812892, 12.723786707262072, 18.183786707262072
171, -83.0,-0.09865852458673785,0.02665257453918457, -4.9799999999999995, -0.0, 0.1, -0.29597557376021355,0.0, 0.019783235019188994, 13.027594368521047, 17.907594368521046
172, -83.0,-0.09697110355026506,0.018884658813476562, -4.9799999999999995, -0.0, 0.0, -0.2909133106507952,0.0, 0.008437105182363958, 12.645118163052615, 17.625118163052615
173, -79.5,-0.03626241186196377,0.019999027252197266, -4.77, -0.0, 0.7000000000000001, -0.10878723558589132,0.0, 0.30354345844150643, 13.749874385908232, 17.819874385908232
174, -73.25,-0.046568485630786416,0.01805901527404785, -4.395, -0.0, 1.25, -0.13970545689235925,0.0, -0.05153036884411322, 14.483638560171759, 17.62863856017176
175, -69.5,-0.026042797119661787,0.01921820640563965, -4.17, -0.0, 0.75, -0.07812839135898536,0.0, 0.10262844255562314, 14.233138611368398, 17.653138611368398
176, -68.75,-0.01997845251899283,0.019882678985595703, -4.125, -0.0, 0.15000000000000002, -0.059935357556978486,0.0, 0.03032172300334479, 13.648524976814764, 17.623524976814764
177, -69.0,-0.015586539679835865,0.019247770309448242, -4.14, -0.0, -0.05, -0.046759619039507594,0.0, 0.02195956419578482, 13.408724921971041, 17.59872492197104
178, -67.25,-0.016325502042225437,0.02004528045654297, -4.035, -0.0, 0.35000000000000003, -0.04897650612667631,0.0, -0.0036948118119478623, 13.861053604032415, 17.546053604032416
179, -66.5,-0.017352197789637758,0.019261598587036133, -3.9899999999999998, -0.0, 0.15000000000000002, -0.05205659336891327,0.0, -0.005133478737061603, 13.648863531926441, 17.48886353192644
180, -66.75,-0.0198670867188549,0.020696163177490234, -4.005, -0.0, -0.05, -0.059601260156564695,0.0, -0.012574444646085703, 13.361687827123792, 17.41668782712379
181, -66.25,-0.015786289780012785,0.02075672149658203, -3.9749999999999996, -0.0, 0.1, -0.047358869340038356,0.0, 0.020403984694210564, 13.514732942477963, 17.389732942477963
182, -68.0,-0.012430708582006567,0.019219160079956055, -4.08, -0.0, -0.35000000000000003, -0.0372921257460197,0.0, 0.016777905990031095, 12.939218722721975, 17.369218722721975
183, -70.25,-0.013924351864228857,0.02049732208251953, -4.215, -0.0, -0.45, -0.04177305559268657,0.0, -0.00746821641111145, 12.654977450718178, 17.319977450718177
184, -76.0,-0.02693686479691687,0.020427227020263672, -4.56, -0.0, -1.1500000000000001, -0.08081059439075061,0.0, -0.06506256466344007, 11.464104291663986, 17.174104291663987
185, -80.75,-0.054357359624745694,0.02198934555053711, -4.845, -0.0, -0.9500000000000001, -0.16307207887423708,0.0, -0.13710247413914411, 11.078929738650606, 16.873929738650606
186, -80.25,-0.051912738269079606,0.028418540954589844, -4.8149999999999995, -0.0, 0.1, -0.15573821480723882,0.0, 0.01222310677833044, 12.015414630621699, 16.7304146306217
187, -76.5,-0.021470779908635107,0.02955913543701172, -4.59, -0.0, 0.75, -0.06441233972590532,0.0, 0.1522097918022225, 12.978212082698015, 16.818212082698015
188, -75.75,-0.013319275984214674,0.020073652267456055, -4.545, -0.0, 0.15000000000000002, -0.03995782795264402,0.0, 0.04075751962210217, 12.424011774367472, 16.81901177436747
189, -79.25,-0.009283791116865725,0.020287036895751953, -4.755, -0.0, -0.7000000000000001, -0.027851373350597175,0.0, 0.020177424336744743, 11.356337825353618, 16.81133782535362
190, -81.0,-0.011154810347422994,0.01998162269592285, -4.859999999999999, -0.0, -0.35000000000000003, -0.03346443104226898,0.0, -0.009355096152786346, 11.558518298158562, 16.76851829815856
191, -86.0,-0.020671647046898667,0.02013421058654785, -5.16, -0.0, -1.0, -0.062014941140696,0.0, -0.04758418349737836, 10.498919173520488, 16.658919173520488
192, -87.0,-0.02644296537158508,0.02008962631225586, -5.22, -0.0, -0.2, -0.07932889611475524,0.0, -0.02885659162343207, 11.130733685782301, 16.5507336857823
193, -86.5,-0.017356052791949905,0.020296573638916016, -5.1899999999999995, -0.0, 0.1, -0.052068158375849716,0.0, 0.04543456289817588, 11.454100090304628, 16.544100090304628
194, -87.0,-0.01523641702241152,0.020908117294311523, -5.22, -0.0, -0.1, -0.04570925106723456,0.0, 0.01059817884769193, 11.188989018085085, 16.508989018085085
195, -86.5,-0.007775579623691187,0.01950669288635254, -5.1899999999999995, -0.0, 0.1, -0.02332673887107356,0.0, 0.03730418699360166, 11.432966466207613, 16.522966466207613
196, -85.0,-0.0004971839817825008,0.020596742630004883, -5.1, -0.0, 0.30000000000000004, -0.0014915519453475024,0.0, 0.03639197820954343, 11.75786689247181, 16.55786689247181
197, -78.25,0.01336694523048143,0.020879030227661133, -4.694999999999999, -0.0, 1.35, 0.01336694523048143,0.0, 0.06932064606131966, 13.295554483763613, 16.640554483763612
198, -75.5,0.021076347620703872,0.020174741744995117, -4.53, -0.0, 0.55, 0.021076347620703872,0.0, 0.03854701195111221, 12.720177843335428, 16.700177843335428
199, -71.5,0.030073695155525715,0.019603729248046875, -4.29, -0.0, 0.8, 0.030073695155525715,0.0, 0.04498673767410921, 13.285238276165062, 16.775238276165062
200, -67.0,0.05244451758915514,0.019137859344482422, -4.02, -0.0, 0.9, 0.05244451758915514,0.0, 0.11185411216814711, 13.819536905922364, 16.939536905922363
201, -61.5,0.09690245339390802,0.021520137786865234, -3.69, -0.0, 1.1, 0.09690245339390802,0.0, 0.2222896790237644, 14.668729038340036, 17.258729038340036
202, -59.75,0.07328060511505019,0.027512788772583008, -3.585, -0.0, 0.35000000000000003, 0.07328060511505019,0.0, -0.11810924139428913, 13.978900402060798, 17.213900402060798
203, -59.5,0.06248215602216567,0.02657318115234375, -3.57, -0.0, 0.05, 0.06248215602216567,0.0, -0.053992245464422606, 13.70239031261854, 17.22239031261854
204, -60.75,0.0653400418374892,0.02062225341796875, -3.645, -0.0, -0.25, 0.0653400418374892,0.0, 0.014289429076617677, 13.407019783532647, 17.302019783532646
205, -68.0,0.04611936288328167,0.018595457077026367, -4.08, -0.0, -1.4500000000000002, 0.04611936288328167,0.0, -0.09610339477103769, 11.722035751644889, 17.25203575164489
206, -73.75,0.019868556596607134,0.019257307052612305, -4.425, -0.0, -1.1500000000000001, 0.019868556596607134,0.0, -0.13125403143337266, 11.565650276808125, 17.140650276808124
207, -88.5,-0.04439175282465113,0.021318435668945312, -5.31, -0.0, -2.95, -0.1331752584739534,0.0, -0.32130154710629133, 8.426173471227878, 16.686173471227878
208, -93.0,-0.04412026678639691,0.022554397583007812, -5.58, -0.0, -0.9, -0.13236080035919073,0.0, 0.0013574301912711029, 10.075170101059957, 16.555170101059957
209, -96.5,-0.008279537620183575,0.022615432739257812, -5.79, -0.0, -0.7000000000000001, -0.024838612860550724,0.0, 0.17920364583106668, 10.219535134030474, 16.709535134030475
210, -94.5,-0.02831288400790305,0.023527860641479492, -5.67, -0.0, 0.4, -0.08493865202370915,0.0, -0.10016673193859738, 11.25442975006817, 16.52442975006817
211, -93.75,-0.014116631176879724,0.021376848220825195, -5.625, -0.0, 0.15000000000000002, -0.04234989353063917,0.0, 0.07098126415511663, 11.078061120692647, 16.553061120692647
212, -92.0,-0.005768924981503221,0.021610498428344727, -5.52, -0.0, 0.35000000000000003, -0.017306774944509662,0.0, 0.041738530976882515, 11.407492876725021, 16.57749287672502
213, -83.75,-0.005918559825863812,0.01855158805847168, -5.0249999999999995, -0.0, 1.6500000000000001, -0.017755679477591435,0.0, -0.0007481742218029552, 13.183989023025628, 16.558989023025628
214, -79.25,0.024658176960317135,0.018316030502319336, -4.755, -0.0, 0.9, 0.024658176960317135,0.0, 0.15288368393090473, 12.881530883916849, 16.73653088391685
215, -69.0,0.06233581372192809,0.017721176147460938, -4.14, -0.0, 2.0500000000000003, 0.06233581372192809,0.0, 0.18838818380805478, 14.89725488144683, 16.98725488144683
216, 28.0,0.22940468790919932,0.035140275955200195, 1.68, -0.0, 19.400000000000002, 0.22940468790919932,0.0, 0.8353443709363562, 18.052003940292387, 0.0
217, 50.75,0.20287540168107,0.028261661529541016, 3.045, -0.0, 4.55, 0.20287540168107,0.0, -0.13264643114064667, 18.12223291083281, 10.527232910832812
218, 0,0.2588654681934035,0.03630256652832031, 0.0, -0.0, -10.15, 0.2588654681934035,0.0, 0.27995033256166757, 8.51104871158788, 18.66104871158788
219, 0,0.24608959617147153,0.020475387573242188, 0.0, -0.0, 0.0, 0.24608959617147153,0.0, -0.06387936010965989, 18.843258947649694, 18.843258947649694
220, 0,0.2484045904547263,0.017745494842529297, 0.0, -0.0, 0.0, 0.2484045904547263,0.0, 0.011574971416273838, 19.103238509520693, 19.103238509520693
221, 0,0.2593499899840449,0.0185394287109375, 0.0, -0.0, 0.0, 0.2593499899840449,0.0, 0.054726997646593056, 19.417315497151332, 19.417315497151332
222, 0,0.2690137248417006,0.01895308494567871, 0.0, -0.0, 0.0, 0.2690137248417006,0.0, 0.04831867428827852, 19.73464789628131, 19.73464789628131
223, 0,0.2653646072819652,0.020603656768798828, 0.0, -0.0, 0.0, 0.2653646072819652,0.0, -0.01824558779867702, 19.9817669157646, 19.9817669157646
224, 7.5,0.23022743405291313,0.02119278907775879, 0.44999999999999996, -0.0, 1.5, 0.23022743405291313,0.0, -0.17568586614526038, 20.03630848367225, 18.08630848367225
225, 28.0,0.18190575588961988,0.020807743072509766, 1.68, -0.0, 4.1000000000000005, 0.18190575588961988,0.0, -0.24160839081646623, 19.976605848745404, 14.196605848745403
226, 37.5,0.21485747128917387,0.02067112922668457, 2.25, -0.0, 1.9000000000000001, 0.21485747128917387,0.0, 0.16475857699776997, 20.35622189703235, 16.20622189703235
227, 44.75,0.19883822729672063,0.019040584564208984, 2.685, -0.0, 1.4500000000000002, 0.19883822729672063,0.0, -0.08009621996226624, 20.474963904366803, 16.339963904366805
228, 49.75,0.18924162004617495,0.019019126892089844, 2.985, -0.0, 1.0, 0.18924162004617495,0.0, -0.04798303625272837, 20.61622248816025, 16.63122248816025
229, 54.5,0.1830481271099439,0.02541637420654297, 3.27, -0.0, 0.9500000000000001, 0.1830481271099439,0.0, -0.0309674646811553, 20.768303150589038, 16.54830315058904
230, 57.25,0.17485901512137536,0.023961305618286133, 3.435, -0.0, 0.55, 0.17485901512137536,0.0, -0.04094555994284266, 20.90221660576757, 16.91721660576757
231, 58.75,0.17593359937496267,0.025777101516723633, 3.525, -0.0, 0.30000000000000004, 0.17593359937496267,0.0, 0.005372921267936537, 21.08352312641047, 17.25852312641047
232, 59.5,0.18366107172778123,0.026411056518554688, 3.57, -0.0, 0.15000000000000002, 0.18366107172778123,0.0, 0.038637361764092826, 21.305821559902345, 17.585821559902346
233, 59.0,0.19921642775692483,0.017241477966308594, 3.54, -0.0, -0.1, 0.19921642775692483,0.0, 0.07777678014571798, 21.582814767804987, 18.142814767804985
234, 56.5,0.19763792356657583,0.01912689208984375, 3.3899999999999997, -0.0, -0.5, 0.19763792356657583,0.0, -0.007892520951744975, 21.77256017041982, 18.88256017041982
235, 51.0,0.21397206982167205,0.01773381233215332, 3.06, -0.0, -1.1, 0.21397206982167205,0.0, 0.08167073127548108, 22.06820297151697, 20.10820297151697
236, 46.25,0.23836579564782423,0.01820206642150879, 2.775, -0.0, -0.9500000000000001, 0.23836579564782423,0.0, 0.1219686291307609, 22.428537396295557, 20.603537396295557
237, 39.25,0.255602900716134,0.01752471923828125, 2.355, -0.0, -1.4000000000000001, 0.255602900716134,0.0, 0.08618552534154889, 22.77032582235324, 21.81532582235324
238, 35.75,0.2709343457206248,0.018796920776367188, 2.145, -0.0, -0.7000000000000001, 0.2709343457206248,0.0, 0.07665722502245398, 23.117917393096317, 21.672917393096316
239, 28.0,0.2900218121361965,0.017299175262451172, 1.68, -0.0, -1.55, 0.2900218121361965,0.0, 0.09543733207785843, 23.503376537310373, 23.373376537310374
240, 5.5,0.30009223611473645,0.017954587936401367, 0.32999999999999996, -0.0, -4.5, 0.30009223611473645,0.0, 0.05035211989269983, 19.683820893317808, 23.85382089331781
241, 0,0.27371434170194564,0.01786184310913086, 0.0, -0.0, -1.1, 0.27371434170194564,0.0, -0.13188947206395407, 22.8956457629558, 23.995645762955803
242, 0,0.2663901114886855,0.01858997344970703, 0.0, -0.0, 0.0, 0.2663901114886855,0.0, -0.036621151066300595, 24.225414723378186, 24.225414723378186
243, 0,0.28296217464261864,0.01823115348815918, 0.0, -0.0, 0.0, 0.28296217464261864,0.0, 0.08286031576966557, 24.59123721379047, 24.59123721379047
244, 0,0.2984973036919084,0.019154071807861328, 0.0, -0.0, 0.0, 0.2984973036919084,0.0, 0.07767564524644888, 24.96741016272883, 24.96741016272883
245, 0,0.2965969005743614,0.01964092254638672, 0.0, -0.0, 0.0, 0.2965969005743614,0.0, -0.009502015587735113, 25.254505047715455, 25.254505047715455
246, 0,0.2824655672465687,0.02521204948425293, 0.0, -0.0, 0.0, 0.2824655672465687,0.0, -0.07065666663896353, 25.46631394832306, 25.46631394832306
247, 6.0,0.2632188719712931,0.029592275619506836, 0.36, -0.0, 1.2000000000000002, 0.2632188719712931,0.0, -0.0962334763763778, 25.633299343917972, 24.073299343917974
248, 10.5,0.25424432674093467,0.021002531051635742, 0.63, -0.0, 0.9, 0.25424432674093467,0.0, -0.044872726151792275, 25.842670944507116, 24.312670944507115
249, 14.75,0.24889602489553908,0.02031254768371582, 0.885, -0.0, 0.8500000000000001, 0.24889602489553908,0.0, -0.026741509226977933, 26.064825460175676, 24.329825460175677
250, 12.25,0.23686685764864024,0.0202639102935791, 0.735, -0.0, -0.5, 0.23686685764864024,0.0, -0.06014583623449421, 26.241546481589822, 26.006546481589822
251, 10.0,0.22517683667876143,0.019782543182373047, 0.6, -0.0, -0.45, 0.22517683667876143,0.0, -0.05845010484939406, 26.40827321341919, 26.25827321341919
252, 0,0.25875380524287417,0.01976919174194336, 0.0, -0.0, -2.0, 0.25875380524287417,0.0, 0.1678848428205637, 24.834911861482627, 26.834911861482627
253, 0,0.2433443757397017,0.017809152603149414, 0.0, -0.0, 0.0, 0.2433443757397017,0.0, -0.07704714751586239, 27.001209089706467, 27.001209089706467
254, 0,0.2401518767279761,0.018958330154418945, 0.0, -0.0, 0.0, 0.2401518767279761,0.0, -0.0159624950586279, 27.225398471375815, 27.225398471375815
255, -9.0,0.2662661473176038,0.02108025550842285, -0.54, -0.0, -1.8, 0.2662661473176038,0.0, 0.13057135294813838, 25.28223597164156, 27.622235971641558
256, -14.0,0.20827712602132076,0.01894664764404297, -0.84, -0.0, -1.0, 0.20827712602132076,0.0, -0.28994510648141514, 25.700567991181465, 27.540567991181465
257, -18.0,0.21419543202707902,0.02038431167602539, -1.08, -0.0, -0.8, 0.21419543202707902,0.0, 0.029591530028791335, 25.904354953237338, 27.784354953237337
258, -28.25,0.22816826704771087,0.017949342727661133, -1.6949999999999998, -0.0, -2.0500000000000003, 0.22816826704771087,0.0, 0.06986417510315923, 24.337387395388205, 28.082387395388206
259, -30.0,0.35487262320742374,0.021558046340942383, -1.7999999999999998, -0.0, -0.35000000000000003, 0.35487262320742374,0.0, 0.6335217807985644, 26.920781799394195, 29.070781799394194
260, -29.0,0.36398740626660797,0.023416996002197266, -1.74, -0.0, 0.2, 0.36398740626660797,0.0, 0.04557391529592114, 27.940343120956722, 29.48034312095672
261, -32.0,0.36413687779334547,0.028797388076782227, -1.92, -0.0, -0.6000000000000001, 0.36413687779334547,0.0, 0.0007473576336874954, 27.325227356383756, 29.845227356383756
262, -32.25,0.3751515555912682,0.024347543716430664, -1.9349999999999998, -0.0, -0.05, 0.3751515555912682,0.0, 0.05507338898961378, 28.29045230096464, 30.275452300964638
263, -32.0,0.36476173511433607,0.0199737548828125, -1.92, -0.0, 0.05, 0.36476173511433607,0.0, -0.05194910238466077, 28.71826493369431, 30.58826493369431
264, -33.0,0.3871020774946866,0.020363330841064453, -1.98, -0.0, -0.2, 0.3871020774946866,0.0, 0.11170171190175271, 28.907068723090752, 31.087068723090752
265, -34.5,0.3858050920453242,0.022159814834594727, -2.07, -0.0, -0.30000000000000004, 0.3858050920453242,0.0, -0.0064849272468120445, 29.096388887889262, 31.466388887889263
266, -35.0,0.40527820580711404,0.020721912384033203, -2.1, -0.0, -0.1, 0.40527820580711404,0.0, 0.0973655688089492, 29.769032662505328, 31.969032662505327
267, -36.0,0.44094423932917737,0.022365808486938477, -2.16, -0.0, -0.2, 0.44094423932917737,0.0, 0.17833016761031661, 30.228307069444824, 32.588307069444824
268, -35.25,0.45363793047849477,0.02035665512084961, -2.1149999999999998, -0.0, 0.15000000000000002, 0.45363793047849477,0.0, 0.063468455746587, 31.140413455669904, 33.105413455669904
269, -30.25,0.4941656303902995,0.021358251571655273, -1.815, -0.0, 1.0, 0.4941656303902995,0.0, 0.20263849955902358, 32.98721758561923, 33.802217585619225
270, -30.5,0.5135549253999869,0.020194530487060547, -1.8299999999999998, -0.0, -0.05, 0.5135549253999869,0.0, 0.09694647504843723, 32.53271898606765, 34.41271898606765
271, -31.25,0.5632926683965642,0.021496295928955078, -1.875, -0.0, -0.15000000000000002, 0.5632926683965642,0.0, 0.24868871498288647, 32.975, 35
272, -30.5,0.5711663185994114,0.021378278732299805, -1.8299999999999998, -0.0, 0.15000000000000002, 0.5711663185994114,0.0, 0.03936825101423569, 33.32, 35
273, -32.0,0.5228346521875211,0.020653963088989258, -1.92, -0.0, -0.30000000000000004, 0.5228346521875211,0.0, -0.2416583320594512, 32.78, 35
274, -32.5,0.5788663257424227,0.021556377410888672, -1.95, -0.0, -0.1, 0.5788663257424227,0.0, 0.28015836777450787, 32.95, 35
275, -32.0,0.5963077758261259,0.02164292335510254, -1.92, -0.0, 0.1, 0.5963077758261259,0.0, 0.08720725041851618, 33.18, 35
276, -31.25,0.589609839493886,0.02304816246032715, -1.875, -0.0, 0.15000000000000002, 0.589609839493886,0.0, -0.03348968166119959, 33.275, 35
277, -26.0,0.6654432133587673,0.030446767807006836, -1.56, -0.0, 1.05, 0.6654432133587673,0.0, 0.3791668693244066, 34.49, 35
278, -22.25,0.6566073882814882,0.01963043212890625, -1.335, -0.0, 0.75, 0.6566073882814882,0.0, -0.04417912538639546, 34.415, 35
279, -24.5,0.6655109635304319,0.020505428314208984, -1.47, -0.0, -0.45, 0.6655109635304319,0.0, 0.04451787624471848, 33.08, 35
280, -26.75,0.7081280827789576,0.019429445266723633, -1.605, -0.0, -0.45, 0.7081280827789576,0.0, 0.21308559624262813, 32.945, 35
281, -26.0,0.7053154743405037,0.0189211368560791, -1.56, -0.0, 0.15000000000000002, 0.7053154743405037,0.0, -0.014063042192269393, 33.59, 35
282, -21.75,0.7556797559473041,0.01864790916442871, -1.305, -0.0, 0.8500000000000001, 0.7556797559473041,0.0, 0.251821408034002, 34.545, 35
283, -16.0,0.784909338219447,0.01861858367919922, -0.96, -0.0, 1.1500000000000001, 0.784909338219447,0.0, 0.14614791136071448, 35, 34.81
284, -14.5,0.8381446770201892,0.019512414932250977, -0.87, -0.0, 0.30000000000000004, 0.8381446770201892,0.0, 0.26617669400371136, 34.43, 35
285, -11.5,0.8285899239397729,0.0203399658203125, -0.69, -0.0, 0.6000000000000001, 0.8285899239397729,0.0, -0.04777376540208156, 34.91, 35
286, -11.5,0.8309419084338212,0.02023768424987793, -0.69, -0.0, 0.0, 0.8309419084338212,0.0, 0.01175992247024138, 34.31, 35
287, -11.0,0.840151908548656,0.01816105842590332, -0.6599999999999999, -0.0, 0.1, 0.840151908548656,0.0, 0.046050000574173744, 34.44, 35
288, -8.5,0.8782737053968526,0.02014470100402832, -0.51, -0.0, 0.5, 0.8782737053968526,0.0, 0.19060898424098305, 34.99, 35
289, -5.5,0.908190666671983,0.019551992416381836, -0.32999999999999996, -0.0, 0.6000000000000001, 0.908190666671983,0.0, 0.1495848063756522, 35, 34.73
290, 0,0.9094917691806621,0.01828765869140625, 0.0, -0.0, 1.1, 0.9094917691806621,0.0, 0.006505512543395486, 35, 33.9
291, 0,0.6907463166572179,0.021248579025268555, 0.0, -0.0, 0.0, 0.6907463166572179,0.0, -1.0937272626172212, 34.59701905404, 34.59701905404
292, 0,0.9107522698674011,0.02714395523071289, 0.0, -0.0, 0.0, 0.9107522698674011,0.0, 1.1000297660509162, 35, 35.0
293, 0,0.9087520503742115,0.026471614837646484, 0.0, -0.0, 0.0, 0.9087520503742115,0.0, -0.010001097465948128, 35, 35.0
294, 0,0.9112775479796456,0.020346879959106445, 0.0, -0.0, 0.0, 0.9112775479796456,0.0, 0.012627488027170397, 35, 35.0
295, 0,0.8493859325917157,0.017772436141967773, 0.0, -0.0, 0.0, 0.8493859325917157,0.0, -0.30945807693964933, 35, 35.0
296, 0,0.8772345545891358,0.017425060272216797, 0.0, -0.0, 0.0, 0.8772345545891358,0.0, 0.13924310998710054, 35, 35.0
297, 0,0.8321775439918855,0.017191648483276367, 0.0, -0.0, 0.0, 0.8321775439918855,0.0, -0.22528505298625157, 35, 35.0
298, -7.75,0.8726972316312931,0.021100997924804688, -0.46499999999999997, -0.0, -1.55, 0.8726972316312931,0.0, 0.20259843819703804, 32.985, 35
299, -17.25,0.6834344059354611,0.017351627349853516, -1.035, -0.0, -1.9000000000000001, 0.6834344059354611,0.0, -0.9463141284791599, 31.8021202774563, 34.7371202774563
300, -24.5,0.5766545781690693,0.018110275268554688, -1.47, -0.0, -1.4500000000000002, 0.5766545781690693,0.0, -0.5338991388319592, 31.859875716793404, 34.779875716793406
301, -26.25,0.5379657876627599,0.018689632415771484, -1.575, -0.0, -0.35000000000000003, 0.5379657876627599,0.0, -0.19344395253154678, 33.075, 35
302, -23.75,0.46224762562317834,0.018015384674072266, -1.425, -0.0, 0.5, 0.46224762562317834,0.0, -0.37859081019790797, 34.075, 35
303, -22.5,0.433337767970445,0.01782512664794922, -1.3499999999999999, -0.0, 0.25, 0.433337767970445,0.0, -0.14454928826366675, 33.9, 35
304, -23.5,0.3961256357186663,0.020731449127197266, -1.41, -0.0, -0.2, 0.3961256357186663,0.0, -0.1860606612588933, 33.39, 35
305, -24.75,0.3814388725886285,0.020243406295776367, -1.4849999999999999, -0.0, -0.25, 0.3814388725886285,0.0, -0.07343381565018903, 33.265, 35
306, -18.0,0.3009410318304354,0.018874168395996094, -1.08, -0.0, 1.35, 0.3009410318304354,0.0, -0.40248920379096553, 34.89845182803947, 34.628451828039466
307, -17.75,0.2629072675474766,0.019410371780395508, -1.065, -0.0, 0.05, 0.2629072675474766,0.0, -0.19016882141479396, 33.95619027417215, 34.97119027417215
308, -18.5,0.20879588120413795,0.026831626892089844, -1.1099999999999999, -0.0, -0.15000000000000002, 0.20879588120413795,0.0, -0.27055693171669337, 33.649429223659595, 34.90942922365959
309, -16.75,0.18307089369329255,0.027178287506103516, -1.005, -0.0, 0.35000000000000003, 0.18307089369329255,0.0, -0.128624937554227, 34.308875179798655, 34.963875179798656
310, -16.5,0.16098383592179322,0.01882457733154297, -0.99, -0.0, 0.05, 0.16098383592179322,0.0, -0.11043528885749665, 34.06, 35
311, -18.5,0.16000621054913688,0.019175291061401367, -1.1099999999999999, -0.0, -0.4, 0.16000621054913688,0.0, -0.004888126863281661, 33.49, 35
312, -22.0,0.12979970340594316,0.020349979400634766, -1.3199999999999998, -0.0, -0.7000000000000001, 0.12979970340594316,0.0, -0.15103253571596864, 32.95876716768997, 34.97876716768997
313, -20.75,0.11034343900880061,0.019061803817749023, -1.2449999999999999, -0.0, 0.25, 0.11034343900880061,0.0, -0.09728132198571271, 33.996829284713066, 34.99182928471306
314, 0,0.07686142600480472,0.01933741569519043, 0.0, -0.0, 4.15, 0.07686142600480472,0.0, -0.16741006501997946, 34.90128064569789, 30.75128064569789
315, 0,0.07338470955699827,0.019994258880615234, 0.0, -0.0, 0.0, 0.07338470955699827,0.0, -0.017383582239032247, 34.95728177301585, 34.95728177301585
316, 6.25,0.06714024904074256,0.01843404769897461, 0.375, -0.0, 1.25, 0.06714024904074256,0.0, -0.03122230258127856, 34.993199719475314, 33.368199719475314
317, 13.75,0.03620387055399765,0.017976999282836914, 0.825, -0.0, 1.5, 0.03620387055399765,0.0, -0.15468189243372454, 34.87472169759559, 32.54972169759559
318, 14.0,0.030549797564645598,0.019037246704101562, 0.84, -0.0, 0.05, 0.030549797564645598,0.0, -0.028270364946760274, 34.87700113021347, 33.98700113021347
319, 12.75,0.026832599482640385,0.019040822982788086, 0.765, -0.0, -0.25, 0.026832599482640385,0.0, -0.018585990410026065, 34.885247739286086, 34.370247739286086
320, 14.0,0.03894465846585349,0.019876480102539062, 0.84, -0.0, 0.25, 0.03894465846585349,0.0, 0.060560294916065516, 34.984752692668, 33.89475269266801
321, 16.5,0.06411171675292882,0.01873040199279785, 0.99, -0.0, 0.5, 0.06411171675292882,0.0, 0.12583529143537664, 35, 33.51
322, 16.5,0.07467243743153662,0.019736528396606445, 0.99, -0.0, 0.0, 0.07467243743153662,0.0, 0.05280360339303902, 35, 34.01
323, 18.25,0.03922925781216213,0.01876544952392578, 1.095, -0.0, 0.35000000000000003, 0.03922925781216213,0.0, -0.17721589809687244, 34.86201335971529, 33.41701335971529
324, 18.25,0.028791204496853684,0.02531147003173828, 1.095, -0.0, 0.0, 0.028791204496853684,0.0, -0.052190266576542244, 34.8386142976356, 33.7436142976356
325, 18.25,0.001972423568017523,0.024018049240112305, 1.095, -0.0, 0.0, 0.001972423568017523,0.0, -0.1340939046441808, 34.70649281655944, 33.61149281655944
326, 16.5,0.006692751132562846,0.02228546142578125, 0.99, -0.0, -0.35000000000000003, 0.006692751132562846,0.0, 0.023601637822726618, 34.73678720551473, 34.09678720551473
327, 10.5,-0.0029304822203814473,0.02329874038696289, 0.63, -0.0, -1.2000000000000002, -0.008791446661144342,0.0, -0.04811616676472147, 34.109879592088866, 34.67987959208887
328, 6.25,-0.017771691018120594,0.021749496459960938, 0.375, -0.0, -0.8500000000000001, -0.05331507305436178,0.0, -0.07420604398869574, 34.077358475045806, 34.55235847504581
329, 0,-0.08441038105752724,0.023965835571289062, 0.0, -0.0, -1.25, -0.2532311431725817,0.0, -0.3331934501970332, 32.71593388167619, 33.96593388167619
330, 0,-0.07181018626044972,0.024296998977661133, 0.0, -0.0, 0.0, -0.21543055878134915,0.0, 0.06300097398538762, 33.81350429688023, 33.81350429688023
331, -15.25,-0.09753105278189622,0.022148609161376953, -0.9149999999999999, -0.0, -3.0500000000000003, -0.29259315834568866,0.0, -0.12860433260723253, 29.427306805927312, 33.39230680592731
332, -18.0,-0.11721544379446769,0.02362990379333496, -1.08, -0.0, -0.55, -0.35164633138340307,0.0, -0.09842195506285734, 31.312238519481053, 32.94223851948105
333, -17.75,-0.16067605828390447,0.024075984954833984, -1.065, -0.0, 0.05, -0.4820281748517134,0.0, -0.2173030724471839, 31.22790727218215, 32.24290727218215
334, -17.25,-0.171839669746428,0.02703690528869629, -1.035, -0.0, 0.1, -0.5155190092392841,0.0, -0.055818057312617686, 30.73657020563025, 31.67157020563025
335, -22.25,-0.17047595301273638,0.02648138999938965, -1.335, -0.0, -1.0, -0.5114278590382091,0.0, 0.006818583668458111, 28.831960930260497, 31.166960930260498
336, -26.0,-0.20195135611460435,0.0273892879486084, -1.56, -0.0, -0.75, -0.6058540683438131,0.0, -0.15737701550933986, 28.093729846407346, 30.403729846407344
337, -23.25,-0.18578548394434674,0.024132251739501953, -1.395, -0.0, 0.55, -0.5573564518330403,0.0, 0.08082936085128806, 29.082202755425595, 29.927202755425593
338, -20.25,-0.4514954967434596,0.019910573959350586, -1.2149999999999999, -0.0, 0.6000000000000001, -1.3544864902303788,0.0, -1.3285500639955643, 26.629166201199652, 27.24416620119965
339, -9.0,-0.451867929061564,0.019254446029663086, -0.54, -0.0, 2.25, -1.355603787184692,0.0, -0.0018621615905217714, 25.886700252424436, 24.176700252424435
340, -5.75,-0.4518256706331004,0.018598079681396484, -0.345, -0.0, 0.65, -1.3554770118993011,0.0, 0.00021129214231779825, 24.531434532667454, 24.226434532667454
341, 16.0,-0.4721296753486305,0.017908096313476562, 0.96, -0.0, 4.3500000000000005, -1.4163890260458913,0.0, -0.10152002357765033, 23.013525483043914, 17.70352548304391
342, 5.25,-0.191950674979946,0.019747018814086914, 0.315, -0.0, -2.15, -0.575852024939838,0.0, 1.4008950018434225, 22.0035684599475, 23.8385684599475
343, 0,-0.18528848825244393,0.018464326858520508, 0.0, -0.0, -1.05, -0.5558654647573318,0.0, 0.033310933637510365, 22.26601392882768, 23.31601392882768
344, -7.25,-0.19135498139557644,0.018055200576782227, -0.435, -0.0, -1.4500000000000002, -0.5740649441867294,0.0, -0.03033246571566256, 20.826616518925285, 22.711616518925286
345, -9.0,-0.17117881053138861,0.01875615119934082, -0.54, -0.0, -0.35000000000000003, -0.5135364315941658,0.0, 0.10088085432093913, 21.408960941652058, 22.29896094165206
346, -12.25,-0.45137369062063853,0.01815199851989746, -0.735, -0.0, -0.65, -1.3541210718619157,0.0, -1.4009744004462497, 18.15886546934389, 19.543865469343892
347, -18.75,-0.17949438374708143,0.017779111862182617, -1.125, -0.0, -1.3, -0.5384831512412442,0.0, 1.3593965343677854, 17.939778852470432, 20.364778852470433
348, -30.75,-0.1791370570442602,0.019033432006835938, -1.845, -0.0, -2.4000000000000004, -0.5374111711327806,0.0, 0.001786633514106184, 15.584154314851759, 19.82915431485176
349, -39.75,-0.136123447121892,0.018242597579956055, -2.385, -0.0, -1.8, -0.408370341365676,0.0, 0.21506804961184095, 15.450852023097926, 19.635852023097925
350, -46.0,-0.18948791486160504,0.0187838077545166, -2.76, -0.0, -1.25, -0.5684637445848151,0.0, -0.2668223386985652, 14.790565939814543, 18.800565939814543
351, -49.0,-0.18104063172227852,0.026821136474609375, -2.94, -0.0, -0.6000000000000001, -0.5431218951668355,0.0, 0.04223641569663261, 14.759680460344342, 18.29968046034434
352, -49.25,-0.17509349273785657,0.02749347686767578, -2.955, -0.0, -0.05, -0.5252804782135697,0.0, 0.029735694922109757, 14.799135677052881, 17.80413567705288
353, -53.25,-0.45174726176701063,0.02739882469177246, -3.195, -0.0, -0.8, -1.355241785301032,0.0, -1.3832688451457704, 11.070625046606079, 15.065625046606078
354, -54.25,-0.16195029727175653,0.026139020919799805, -3.255, -0.0, -0.2, -0.4858508918152696,0.0, 1.4489848224762705, 12.573758977267078, 16.028758977267078
355, -54.75,-0.15754602613374252,0.018804311752319336, -3.2849999999999997, -0.0, -0.1, -0.47263807840122757,0.0, 0.02202135569007002, 12.193142254555921, 15.578142254555921
356, -49.5,-0.45226548242085685,0.018037796020507812, -2.9699999999999998, -0.0, 1.05, -1.3567964472625706,0.0, -1.4735972814355716, 10.827748525857778, 12.747748525857778
357, -15.75,-0.17661213822832278,0.01804351806640625, -0.945, -0.0, 6.75, -0.5298364146849683,0.0, 1.3782667209626704, 13.59617883213548, 7.791178832135481
358, -6.5,-0.1651045349849557,0.016695022583007812, -0.39, -0.0, 1.85, -0.4953136049548671,0.0, 0.05753801621683541, 13.15840324339745, 11.69840324339745
359, 0,-0.16382906560594385,0.016056299209594727, 0.0, -0.0, 1.3, -0.49148719681783154,0.0, 0.006377346895059255, 12.673293393474678, 11.373293393474677
360, 0,-0.1485157345781447,0.015594482421875, 0.0, -0.0, 0.0, -0.4455472037344341,0.0, 0.07656665513899569, 12.30431284487924, 12.30431284487924
361, 5.75,-0.13499261939958862,0.015922069549560547, 0.345, -0.0, 1.1500000000000001, -0.40497785819876586,0.0, 0.06761557589278044, 11.966950562573254, 10.471950562573255
362, 9.25,-0.11699215716869388,0.01601123809814453, 0.5549999999999999, -0.0, 0.7000000000000001, -0.35097647150608163,0.0, 0.09000231115447371, 11.705976402221646, 10.450976402221645
363, 11.5,-0.09276496991576422,0.016504764556884766, 0.69, -0.0, 0.45, -0.27829490974729265,0.0, 0.1211359362646483, 11.548817428739001, 10.408817428739
364, 10.25,-0.06876678089664362,0.018259525299072266, 0.615, -0.0, -0.25, -0.20630034268993086,0.0, 0.11999094509560299, 11.462508031144674, 11.097508031144674
365, 0,-0.043637872024098134,0.01870131492614746, 0.0, -0.0, -2.0500000000000003, -0.1309136160722944,0.0, 0.12564454436272743, 9.407238959435107, 11.457238959435108
366, -7.25,-0.04018480293895432,0.01718902587890625, -0.435, -0.0, -1.4500000000000002, -0.12055440881686297,0.0, 0.01726534542571906, 9.468949896043965, 11.353949896043964
367, -18.25,-0.002180846909802303,0.017798423767089844, -1.095, -0.0, -2.2, -0.006542540729406909,0.0, 0.1900197801457601, 8.242427135460318, 11.537427135460318
368, -23.5,0.014560384692468342,0.019208908081054688, -1.41, -0.0, -1.05, 0.014560384692468342,0.0, 0.08370615801135323, 9.17569367816414, 11.63569367816414
369, -33.25,0.009966359469979924,0.02527594566345215, -1.9949999999999999, -0.0, -1.9500000000000002, 0.009966359469979924,0.0, -0.02297012611244209, 7.677689911521677, 11.622689911521677
370, -36.0,0.02377909499098052,0.0246429443359375, -2.16, -0.0, -0.55, 0.02377909499098052,0.0, 0.06906367760500298, 9.00553268411766, 11.71553268411766
371, -48.0,0.055470411045447254,0.02516317367553711, -2.88, -0.0, -2.4000000000000004, 0.055470411045447254,0.0, 0.15845658027233367, 6.64945967543544, 11.92945967543544
372, -53.5,0.07273425437120096,0.023136377334594727, -3.21, -0.0, -1.1, 0.07273425437120096,0.0, 0.08631921662876851, 7.77851314643541, 12.08851314643541
373, -55.0,0.09885194171159117,0.01886725425720215, -3.3, -0.0, -0.30000000000000004, 0.09885194171159117,0.0, 0.13058843670195108, 8.717953524848953, 12.317953524848953
374, -52.5,0.12477320431188788,0.017919063568115234, -3.15, -0.0, 0.5, 0.12477320431188788,0.0, 0.1296063130014835, 9.922333042162323, 12.572333042162324
375, -42.0,0.24459805222538833,0.01709604263305664, -2.52, -0.0, 2.1, 0.24459805222538833,0.0, 0.5991242395675023, 12.996055333955214, 13.416055333955214
376, -34.25,0.3205820052471724,0.016562700271606445, -2.0549999999999997, -0.0, 1.55, 0.3205820052471724,0.0, 0.37991976510892034, 13.611557104311307, 14.116557104311307
377, -28.75,0.37126276535965275,0.016934871673583984, -1.7249999999999999, -0.0, 1.1, 0.37126276535965275,0.0, 0.25340380056240175, 14.11622367023336, 14.74122367023336
378, -23.0,0.422805338673952,0.01858377456665039, -1.38, -0.0, 1.1500000000000001, 0.422805338673952,0.0, 0.25771286657149617, 15.191741875478808, 15.421741875478808
379, -26.0,0.39258270692875086,0.018602371215820312, -1.56, -0.0, -0.6000000000000001, 0.39258270692875086,0.0, -0.15111315872600561, 13.503211423681554, 15.663211423681554
380, -26.25,0.4054406712934605,0.01954793930053711, -1.575, -0.0, -0.05, 0.4054406712934605,0.0, 0.06428982182354825, 14.507941916798565, 16.132941916798565
381, -25.0,0.41831266409793677,0.01889944076538086, -1.5, -0.0, 0.25, 0.41831266409793677,0.0, 0.06435996402238131, 15.365614544918884, 16.615614544918884
382, -24.5,0.44633719858310694,0.018652915954589844, -1.47, -0.0, 0.1, 0.44633719858310694,0.0, 0.14012267242585086, 15.832074415927844, 17.202074415927843
383, -25.25,0.46349189706376437,0.019371986389160156, -1.515, -0.0, -0.15000000000000002, 0.46349189706376437,0.0, 0.08577349240328713, 16.086339805394896, 17.751339805394895
384, -25.5,0.47826134317665825,0.019744157791137695, -1.53, -0.0, -0.05, 0.47826134317665825,0.0, 0.0738472305644694, 16.723448379136023, 18.30344837913602
385, -21.5,0.5155716399980641,0.018781423568725586, -1.29, -0.0, 0.8, 0.5155716399980641,0.0, 0.18655148410702926, 18.515571503241116, 19.005571503241114
386, -20.5,0.554230566739409,0.026596546173095703, -1.23, -0.0, 0.2, 0.554230566739409,0.0, 0.19329463370672428, 18.723096703687247, 19.75309670368725
387, -18.25,0.5362611964798101,0.027692079544067383, -1.095, -0.0, 0.45, 0.5362611964798101,0.0, -0.08984685129799441, 19.554511048869063, 20.199511048869063
388, -17.5,0.5514947914486639,0.019932270050048828, -1.05, -0.0, 0.15000000000000002, 0.5514947914486639,0.0, 0.07616797484426896, 19.927173815161996, 20.827173815161995
389, -16.0,0.5167094561142076,0.018445730209350586, -0.96, -0.0, 0.30000000000000004, 0.5167094561142076,0.0, -0.17392667667228134, 20.50995659460392, 21.16995659460392
390, -15.75,0.5676597510867887,0.018065690994262695, -0.945, -0.0, 0.05, 0.5676597510867887,0.0, 0.2547514748629054, 21.097367820553615, 21.992367820553614
391, -14.25,0.5328087985929142,0.01887035369873047, -0.855, -0.0, 0.30000000000000004, 0.5328087985929142,0.0, -0.17425476246937244, 21.795921856677158, 22.350921856677157
392, -14.0,0.5496282363684808,0.019881248474121094, -0.84, -0.0, 0.05, 0.5496282363684808,0.0, 0.08409718887783302, 22.194647281923473, 22.984647281923472
393, -13.25,0.5262885251026956,0.018239498138427734, -0.7949999999999999, -0.0, 0.15000000000000002, 0.5262885251026956,0.0, -0.11669855632892578, 22.74923725069724, 23.39423725069724
394, -14.0,0.5144597680529446,0.018962383270263672, -0.84, -0.0, -0.15000000000000002, 0.5144597680529446,0.0, -0.0591437852487553, 22.859553233501433, 23.84955323350143
395, -14.5,0.512318305340387,0.018113374710083008, -0.87, -0.0, -0.1, 0.512318305340387,0.0, -0.010707313562787757, 23.381164225279033, 24.35116422527903
396, -13.25,0.49492177645604696,0.01958918571472168, -0.7949999999999999, -0.0, 0.25, 0.49492177645604696,0.0, -0.08698264442170034, 24.214103357313377, 24.75910335731338
397, -11.75,0.46526329505767927,0.016849994659423828, -0.705, -0.0, 0.30000000000000004, 0.46526329505767927,0.0, -0.14829240699183843, 24.671074245379216, 25.076074245379218
398, -11.25,0.4593601916096608,0.017468929290771484, -0.6749999999999999, -0.0, 0.1, 0.4593601916096608,0.0, -0.02951551724009238, 24.930918919748787, 25.505918919748787
399, -13.0,0.4448279966039228,0.017716169357299805, -0.78, -0.0, -0.35000000000000003, 0.4448279966039228,0.0, -0.07266097502868996, 24.74808594132402, 25.87808594132402
400, -15.5,0.4159412961833683,0.01901412010192871, -0.9299999999999999, -0.0, -0.5, 0.4159412961833683,0.0, -0.14443350210277262, 24.719593735404615, 26.149593735404615
401, -22.0,0.3797263826901708,0.017448902130126953, -1.3199999999999998, -0.0, -1.3, 0.3797263826901708,0.0, -0.1810745674659875, 23.7282455506288, 26.3482455506288
402, -26.25,0.3653311134054038,0.024396181106567383, -1.575, -0.0, -0.8500000000000001, 0.3653311134054038,0.0, -0.07197634642383488, 24.216600317610368, 26.64160031761037
403, -35.0,0.30788900698762345,0.022825956344604492, -2.1, -0.0, -1.75, 0.30788900698762345,0.0, -0.2872105320889018, 22.81227879250909, 26.662278792509092
404, -53.75,0.18352861713048452,0.023273944854736328, -3.225, -0.0, -3.75, 0.18352861713048452,0.0, -0.6218019492856947, 19.249005460353885, 26.224005460353883
405, -59.5,0.1408117017095174,0.023291826248168945, -3.57, -0.0, -1.1500000000000001, 0.1408117017095174,0.0, -0.21358457710483558, 21.431232584958565, 26.151232584958564
406, -65.5,0.0975211425807021,0.017851591110229492, -3.9299999999999997, -0.0, -1.2000000000000002, 0.0975211425807021,0.0, -0.2164527956440765, 20.90230093189519, 26.03230093189519
407, -67.75,0.08051065392733925,0.017815113067626953, -4.0649999999999995, -0.0, -0.45, 0.08051065392733925,0.0, -0.08505244326681427, 21.512759142555716, 26.027759142555716
408, -91.5,-0.4526451302071604,0.018454313278198242, -5.49, -0.0, -4.75, -1.3579353906214813,0.0, -2.6657789206724978, 11.764044831261737, 22.004044831261737
409, -97.25,-0.45249192131655813,0.019606351852416992, -5.835, -0.0, -1.1500000000000001, -1.3574757639496744,0.0, 0.0007660444530113719, 13.662335111765074, 20.647335111765074
410, -95.25,-0.45215208968259224,0.01936054229736328, -5.715, -0.0, 0.4, -1.3564562690477766,0.0, 0.0016991581698294622, 13.977578000887126, 19.292578000887126
411, -95.75,-0.45214065218579025,0.018819093704223633, -5.745, -0.0, -0.1, -1.3564219565573707,0.0, 5.7187484009957323e-05, 12.091213231813768, 17.936213231813767
412, -97.75,-0.4517699147484544,0.019149065017700195, -5.865, -0.0, -0.4, -1.3553097442453632,0.0, 0.0018536871866792204, 10.317757174755084, 16.582757174755084
413, -95.0,-0.45214570310945157,0.01924920082092285, -5.7, -0.0, 0.55, -1.3564371093283547,0.0, -0.001878941804985823, 10.074441123621744, 15.224441123621745
414, -91.75,-0.015053484944936635,0.018145322799682617, -5.505, -0.0, 0.65, -0.045160454834809904,0.0, 2.1854610908225744, 12.509741759609508, 17.364741759609508
415, -71.5,-0.08395767729769776,0.016249656677246094, -4.29, -0.0, 4.05, -0.2518730318930933,0.0, -0.34452096176380564, 16.52834776595261, 16.76834776595261
416, -66.25,0.002282798422575394,0.01504063606262207, -3.9749999999999996, -0.0, 1.05, 0.002282798422575394,0.0, 0.4312023786013658, 14.276832942976547, 17.201832942976548
417, -39.25,0.08034354660914211,0.01567363739013672, -2.355, -0.0, 5.4, 0.08034354660914211,0.0, 0.3903037409328336, 17.672480230518524, 14.627480230518524
418, -35.5,0.08869943961616433,0.01629948616027832, -2.13, -0.0, 0.75, 0.08869943961616433,0.0, 0.041779465035111096, 16.4229591351698, 17.8029591351698
419, -35.5,0.09802802641954422,0.022171497344970703, -2.13, -0.0, 0.0, 0.09802802641954422,0.0, 0.04664293401689945, 15.817630095606244, 17.947630095606243
420, -36.25,0.09913467671818665,0.023717164993286133, -2.175, -0.0, -0.15000000000000002, 0.09913467671818665,0.0, 0.005533251493212155, 15.727298023817642, 18.05229802381764
421, -39.75,0.08770776656988966,0.02436542510986328, -2.385, -0.0, -0.7000000000000001, 0.08770776656988966,0.0, -0.05713455074148499, 14.997871239646045, 18.082871239646046
422, -43.5,0.08337410550913493,0.02241349220275879, -2.61, -0.0, -0.75, 0.08337410550913493,0.0, -0.021668305303773616, 14.784577039851406, 18.144577039851406
423, -47.25,0.07134559137205332,0.02402472496032715, -2.835, -0.0, -0.75, 0.07134559137205332,0.0, -0.06014257068540807, 14.570780060538048, 18.15578006053805
424, -50.5,0.05386250031217987,0.024050235748291016, -3.03, -0.0, -0.65, 0.05386250031217987,0.0, -0.08741545529936723, 14.442227105550863, 18.122227105550863
425, -59.75,0.03415265510123244,0.024817943572998047, -3.585, -0.0, -1.85, 0.03415265510123244,0.0, -0.09854922605473715, 12.622830534597357, 18.057830534597358
426, -64.5,0.022691527560594893,0.024805068969726562, -3.8699999999999997, -0.0, -0.9500000000000001, 0.022691527560594893,0.0, -0.05730563770318775, 13.203216424454766, 18.023216424454766
427, -76.25,-0.0074846474060905055,0.026248455047607422, -4.575, -0.0, -2.35, -0.022453942218271516,0.0, -0.150880874833427, 10.924881607403066, 17.849881607403066
428, -98.0,0.02641131311720757,0.028159141540527344, -5.88, -0.0, -4.3500000000000005, 0.02641131311720757,0.0, 0.16947980261649037, 7.815772723136764, 18.045772723136764
429, -102.25,-0.02077103671348496,0.019953250885009766, -6.135, -0.0, -0.8500000000000001, -0.062313110140454875,0.0, -0.23591174915346264, 10.762547863842848, 17.747547863842847
430, -102.75,-0.043871541937164193,0.019924163818359375, -6.165, -0.0, -0.1, -0.13161462581149258,0.0, -0.11550252611839618, 11.235430711912958, 17.50043071191296
431, -100.25,-0.03434339751386156,0.019385814666748047, -6.015, -0.0, 0.5, -0.10303019254158469,0.0, 0.04764072211651316, 11.930041241487885, 17.445041241487885
432, -105.5,-0.45172704016938536,0.018796205520629883, -6.33, -0.0, -1.05, -1.355181120508156,0.0, -2.086918213277619, 6.622941907702111, 14.00294190770211
433, -111.25,-0.47687799734373615,0.018108606338500977, -6.675, -0.0, -1.1500000000000001, -1.4306339920312086,0.0, -0.12575478587175393, 4.621553129799149, 12.446553129799149
434, -111.0,-0.4894127722012752,0.016951322555541992, -6.66, -0.0, 0.05, -1.4682383166038258,0.0, -0.06267387428769533, 4.3056409389076284, 10.915640938907629
435, -108.75,-0.4893627827693584,0.017621755599975586, -6.5249999999999995, -0.0, 0.45, -1.468088348308075,0.0, 0.0002499471595840408, 3.3728025377591386, 9.447802537759138
436, -108.25,-0.49999328689941,0.019495725631713867, -6.495, -0.0, 0.1, -1.4999798606982302,0.0, -0.053152520650258106, 1.499670156410649, 7.894670156410649
437, 20.25,0.32243479843290257,0.03911542892456055, 1.2149999999999999, -0.0, 25.700000000000003, 0.32243479843290257,0.0, 4.112140426661563, 12.329245381505114, 0.0
438, 24.75,0.3046819226471671,0.029958724975585938, 1.4849999999999999, -0.0, 0.9, 0.3046819226471671,0.0, -0.08876437892867739, 12.545162925223604, 10.160162925223604
439, 28.25,0.4041438165359711,0.022965669631958008, 1.6949999999999998, -0.0, 0.7000000000000001, 0.4041438165359711,0.0, 0.49730946944402, 13.446616211203596, 11.051616211203596
440, 27.5,0.33848438202826714,0.02352762222290039, 1.65, -0.0, -0.15000000000000002, 0.33848438202826714,0.0, -0.32829717253851975, 13.456803420693342, 11.956803420693342
441, 26.0,0.3376633975407046,0.025371074676513672, 1.56, -0.0, -0.30000000000000004, 0.3376633975407046,0.0, -0.004104922437812575, 13.790361895796234, 12.530361895796235
442, 24.5,0.3393541456679039,0.027434110641479492, 1.47, -0.0, -0.30000000000000004, 0.3393541456679039,0.0, 0.008453740635996354, 14.138169782100135, 12.968169782100135
443, 20.0,0.36251205737869874,0.02518463134765625, 1.2, -0.0, -0.9, 0.36251205737869874,0.0, 0.11578955855397421, 14.616471398032807, 14.316471398032807
444, 17.5,0.3427234263223794,0.018161296844482422, 1.05, -0.0, -0.5, 0.3427234263223794,0.0, -0.0989431552815967, 14.86025166907359, 14.310251669073589
445, 15.25,0.3462985701444169,0.01908278465270996, 0.9149999999999999, -0.0, -0.45, 0.3462985701444169,0.0, 0.017875719110187482, 15.224425958328194, 14.759425958328194
446, 12.75,0.3242549347874416,0.018935441970825195, 0.765, -0.0, -0.5, 0.3242549347874416,0.0, -0.11021817678487644, 15.43846271633076, 15.173462716330759
447, 12.0,0.2967475917608119,0.01994180679321289, 0.72, -0.0, -0.15000000000000002, 0.2967475917608119,0.0, -0.13753671513314858, 15.597673592958422, 15.027673592958422
448, 14.25,0.2660119114659478,0.01838088035583496, 0.855, -0.0, 0.45, 0.2660119114659478,0.0, -0.15367840147432033, 15.71000710295005, 14.40500710295005
449, 16.25,0.2701757586049126,0.019916057586669922, 0.975, -0.0, 0.4, 0.2701757586049126,0.0, 0.020819235694823912, 16.001002097249785, 14.626002097249785
450, 17.75,0.264863384053148,0.018528461456298828, 1.065, -0.0, 0.30000000000000004, 0.264863384053148,0.0, -0.026561872758822935, 16.23930360854411, 14.874303608544109
451, 18.75,0.23619752936844052,0.01821613311767578, 1.125, -0.0, 0.2, 0.23619752936844052,0.0, -0.14332927342353752, 16.332171864489013, 15.007171864489013
452, 19.25,0.22576766877877563,0.01826620101928711, 1.155, -0.0, 0.1, 0.22576766877877563,0.0, -0.05214930294832443, 16.505790230319462, 15.250790230319462
453, 20.0,0.22930870029952233,0.018196582794189453, 1.2, -0.0, 0.15000000000000002, 0.22930870029952233,0.0, 0.01770515760373348, 16.752804088222717, 15.402804088222718
454, 28.25,0.22135301683712527,0.018329620361328125, 1.6949999999999998, -0.0, 1.6500000000000001, 0.22135301683712527,0.0, -0.03977841731198528, 16.934378687747856, 13.589378687747857
455, 44.5,0.1841202760168017,0.01914238929748535, 2.67, -0.0, 3.25, 0.1841202760168017,0.0, -0.18616370410161787, 16.932335259663038, 11.012335259663038
456, 51.5,0.18309200853872853,0.019327878952026367, 3.09, -0.0, 1.4000000000000001, 0.18309200853872853,0.0, -0.005141337390365819, 17.1102859308114, 12.6202859308114
457, 58.5,0.1826307257603662,0.018161535263061523, 3.51, -0.0, 1.4000000000000001, 0.1826307257603662,0.0, -0.0023064138918116317, 17.290610242679954, 12.380610242679953
458, 70.75,0.1623670394536597,0.025546550750732422, 4.245, -0.0, 2.45, 0.1623670394536597,0.0, -0.10131843153353248, 17.35165885060008, 10.656658850600081
459, 77.5,0.15475229250220424,0.024974822998046875, 4.6499999999999995, -0.0, 1.35, 0.15475229250220424,0.0, -0.03807373475727738, 17.468337408345008, 11.468337408345008
460, 82.75,0.1500178713008824,0.028501510620117188, 4.965, -0.0, 1.05, 0.1500178713008824,0.0, -0.023672106006609184, 17.594683173639282, 11.579683173639282
461, 86.75,0.16385967218044606,0.026578903198242188, 5.205, -0.0, 0.8, 0.16385967218044606,0.0, 0.0692090043978183, 17.827751850217545, 11.822751850217546
462, 88.25,0.17858312126487952,0.018648624420166016, 5.295, -0.0, 0.30000000000000004, 0.17858312126487952,0.0, 0.0736172454221673, 18.07995221690459, 12.484952216904592
463, 89.75,0.19429180776988653,0.01820540428161621, 5.385, -0.0, 0.30000000000000004, 0.19429180776988653,0.0, 0.07854343252503504, 18.35278745719951, 12.667787457199513
464, 88.75,0.20932366317280737,0.01777172088623047, 5.325, -0.0, -0.2, 0.20932366317280737,0.0, 0.07515927701460423, 18.637270397386924, 13.512270397386924
465, 86.0,0.23519758284930126,0.017206907272338867, 5.16, -0.0, -0.55, 0.23519758284930126,0.0, 0.12936959838246942, 19.001837578618694, 14.391837578618695
466, 84.25,0.24514349923347856,0.017447948455810547, 5.055, -0.0, -0.35000000000000003, 0.24514349923347856,0.0, 0.0497295819208865, 19.29671065977306, 14.591710659773058
467, 79.0,0.2720180063123415,0.016667842864990234, 4.74, -0.0, -1.05, 0.2720180063123415,0.0, 0.13437253539431482, 19.703101201479715, 16.013101201479714
468, 77.5,0.27353672961829245,0.016272783279418945, 4.6499999999999995, -0.0, -0.30000000000000004, 0.27353672961829245,0.0, 0.007593616529754654, 19.98423154762776, 15.634231547627762
469, 71.75,0.2813753225048611,0.0158689022064209, 4.305, -0.0, -1.1500000000000001, 0.2813753225048611,0.0, 0.03919296443284315, 20.304799834565465, 17.149799834565464
470, 65.0,0.2880401796505907,0.015520095825195312, 3.9, -0.0, -1.35, 0.2880401796505907,0.0, 0.033324285728648095, 20.626164299944705, 18.076164299944704
471, 60.5,0.3030544607308141,0.015676498413085938, 3.63, -0.0, -0.9, 0.3030544607308141,0.0, 0.07507140540111701, 21.004290166076636, 18.274290166076636
472, 57.75,0.32097484861987213,0.016527414321899414, 3.465, -0.0, -0.55, 0.32097484861987213,0.0, 0.08960193944529016, 21.4148669541418, 18.4998669541418
473, 58.5,0.31035515905245936,0.01628279685974121, 3.51, -0.0, 0.15000000000000002, 0.31035515905245936,0.0, -0.053098447837063856, 21.672123665357194, 18.012123665357194
474, 61.25,0.28235334440948856,0.01705455780029297, 3.675, -0.0, 0.55, 0.28235334440948856,0.0, -0.140009073214854, 21.81446793655183, 17.589467936551827
475, 62.25,0.2828477994961601,0.016880273818969727, 3.735, -0.0, 0.2, 0.2828477994961601,0.0, 0.002472275433357818, 22.099788011481348, 18.16478801148135
476, 69.5,0.27257052875326504,0.02278304100036621, 4.17, -0.0, 1.4500000000000002, 0.27257052875326504,0.0, -0.05138635371447542, 22.320972186520137, 16.700972186520136
477, 74.25,0.24298677471340246,0.023703336715698242, 4.455, -0.0, 0.9500000000000001, 0.24298677471340246,0.0, -0.14791877019931288, 22.416040191034227, 17.011040191034226
478, 82.75,0.2104764873608368,0.023518085479736328, 4.965, -0.0, 1.7000000000000002, 0.2104764873608368,0.0, -0.16255143676282835, 22.463965241632234, 15.798965241632235
479, 85.0,0.20253225007718212,0.024096012115478516, 5.1, -0.0, 0.45, 0.20253225007718212,0.0, -0.03972118641827338, 22.62677630529114, 17.07677630529114
480, 88.75,0.17918002092450658,0.016850948333740234, 5.325, -0.0, 0.75, 0.17918002092450658,0.0, -0.1167611457633777, 22.68919518045227, 16.61419518045227
481, 90.5,0.17173326203332595,0.015631914138793945, 5.43, -0.0, 0.35000000000000003, 0.17173326203332595,0.0, -0.037233794455903135, 22.823694648029694, 17.043694648029692
482, 89.25,0.17923626935762793,0.01888895034790039, 5.3549999999999995, -0.0, -0.25, 0.17923626935762793,0.0, 0.0375150366215099, 23.04044595400883, 17.93544595400883
483, 87.75,0.19471730104240592,0.018049955368041992, 5.265, -0.0, -0.30000000000000004, 0.19471730104240592,0.0, 0.07740515842388995, 23.312568413475127, 18.347568413475127
484, 83.0,0.18665902814109647,0.016022443771362305, 4.9799999999999995, -0.0, -0.9500000000000001, 0.18665902814109647,0.0, -0.040291364506547245, 23.458936077109676, 19.428936077109675
485, 81.25,0.17795391101393787,0.015924453735351562, 4.875, -0.0, -0.35000000000000003, 0.17795391101393787,0.0, -0.04352558563579301, 23.593364402487822, 19.068364402487823
486, 85.5,0.17071717422957122,0.015622138977050781, 5.13, -0.0, 0.8500000000000001, 0.17071717422957122,0.0, -0.03618368392183324, 23.72789789279556, 17.74789789279556
487, 86.0,0.15736218695833148,0.014994382858276367, 5.16, -0.0, 0.1, 0.15736218695833148,0.0, -0.06677493635619869, 23.818485143397695, 18.558485143397697
488, 85.25,0.15020068970796063,0.016906261444091797, 5.115, -0.0, -0.15000000000000002, 0.15020068970796063,0.0, -0.03580748625185426, 23.9328783468538, 18.9678783468538
489, 85.25,0.1506532891326492,0.01702713966369629, 5.115, -0.0, 0.0, 0.1506532891326492,0.0, 0.0022629971234428004, 24.08579463310989, 18.97079463310989
490, 86.5,0.11579690378111351,0.01724553108215332, 5.1899999999999995, -0.0, 0.25, 0.11579690378111351,0.0, -0.1742819267576784, 24.027309610133326, 18.587309610133325
491, 89.75,0.09786246446999303,0.016990184783935547, 5.385, -0.0, 0.65, 0.09786246446999303,0.0, -0.08967219655560243, 24.035499878047716, 18.000499878047716
492, 90.25,0.07605820741207014,0.016601085662841797, 5.415, -0.0, 0.1, 0.07605820741207014,0.0, -0.10902128528961441, 24.002536800170173, 18.487536800170172
493, 91.0,0.08015940168429081,0.015287160873413086, 5.46, -0.0, 0.15000000000000002, 0.08015940168429081,0.0, 0.020505971361103326, 24.103202173215568, 18.49320217321557
494, 92.25,0.07675143657019579,0.02486133575439453, 5.535, -0.0, 0.25, 0.07675143657019579,0.0, -0.01703982557047512, 24.162913784215288, 18.377913784215288
495, 92.5,0.07044935651512962,0.02207159996032715, 5.55, -0.0, 0.05, 0.07044935651512962,0.0, -0.03151040027533081, 24.201852740455088, 18.601852740455087
496, -91.5,1.246236724299251,0.02721381187438965, -5.49, -0.0, -36.800000000000004, 1.246236724299251,0.0, 5.878936838920606, 0.0, 31.327026303674945
497, 93.75,0.065930614933006,0.024355173110961914, 5.625, -0.0, 37.050000000000004, 0.065930614933006,0.0, -5.901530546831224, 25.491426371776726, 0.0
498, 94.25,0.05510902214634439,0.0161135196685791, 5.654999999999999, -0.0, 0.1, 0.05510902214634439,0.0, -0.05410796393330808, 25.49242742998976, 19.73742742998976
499, 93.5,0.06000382789642056,0.015578031539916992, 5.609999999999999, -0.0, -0.15000000000000002, 0.06000382789642056,0.0, 0.02447402875038085, 25.576905286636563, 20.116905286636566
