iteration, error, time, P-term, I-term, D-term, left PWM, right PWM
0, 111, 2362.0, 2.22, 0, 0, 30, 27.78
1, 120, 7457.0, 2.4, 0, 0, 30, 27.6
2, 102, 12660.0, 2.04, 0, 0, 30, 27.96
3, 134, 17541.0, 2.68, 0, 0, 30, 27.32
4, 132, 22658.0, 2.64, 0, 0, 30, 27.36
5, 99, 27736.0, 1.98, 0, 0, 30, 28.02
6, 0, 32830.0, 0.0, 0, 0, 30, 30.0
7, 0, 38066.0, 0.0, 0, 0, 30, 30.0
8, 0, 43040.0, 0.0, 0, 0, 30, 30.0
9, 120, 48156.0, 2.4, 0, 0, 30, 27.6
10, 132, 53254.0, 2.64, 0, 0, 30, 27.36
11, 97, 58371.0, 1.94, 0, 0, 30, 28.06
12, 149, 63513.0, 2.98, 0, 0, 30, 27.02
13, 169, 68574.0, 3.38, 0, 0, 30, 26.62
14, 48, 73681.0, 0.96, 0, 0, 30, 29.04
15, 0, 78526.0, 0.0, 0, 0, 30, 30.0
16, -84, 83521.0, -1.68, 0, 0, 28.32, 30
17, -69, 88636.0, -1.38, 0, 0, 28.62, 30
18, 0, 93703.0, 0.0, 0, 0, 30, 30.0
19, -4, 98791.0, -0.08, 0, 0, 29.92, 30
20, -131, 103934.0, -2.62, 0, 0, 27.38, 30
21, -101, 108978.0, -2.02, 0, 0, 27.98, 30
22, -10, 114068.0, -0.2, 0, 0, 29.8, 30
23, -61, 119365.0, -1.22, 0, 0, 28.78, 30
24, -165, 124279.0, -3.3, 0, 0, 26.7, 30
25, -124, 129341.0, -2.48, 0, 0, 27.52, 30
26, 120, 134486.0, 2.4, 0, 0, 30, 27.6
27, -152, 139504.0, -3.04, 0, 0, 26.96, 30
28, -107, 144594.0, -2.14, 0, 0, 27.86, 30
29, 53, 149711.0, 1.06, 0, 0, 30, 28.94
30, -55, 154809.0, -1.1, 0, 0, 28.9, 30
31, 37, 159874.0, 0.74, 0, 0, 30, 29.26
32, 125, 164948.0, 2.5, 0, 0, 30, 27.5
33, 97, 170022.0, 1.94, 0, 0, 30, 28.06
34, -130, 175190.0, -2.6, 0, 0, 27.4, 30
35, -79, 180209.0, -1.58, 0, 0, 28.42, 30
36, 52, 185332.0, 1.04, 0, 0, 30, 28.96
37, 141, 190401.0, 2.82, 0, 0, 30, 27.18
38, -14, 195454.0, -0.28, 0, 0, 29.72, 30
39, -36, 200564.0, -0.72, 0, 0, 29.28, 30
40, 105, 205695.0, 2.1, 0, 0, 30, 27.9
41, -166, 210738.0, -3.32, 0, 0, 26.68, 30
42, 137, 215829.0, 2.74, 0, 0, 30, 27.26
43, 309, 220910.0, 6.18, 0, 0, 30, 23.82
44, 326, 225986.0, 6.52, 0, 0, 30, 23.48
45, 149, 231075.0, 2.98, 0, 0, 30, 27.02
46, 212, 236159.0, 4.24, 0, 0, 30, 25.76
47, 265, 241242.0, 5.3, 0, 0, 30, 24.7
48, 212, 246340.0, 4.24, 0, 0, 30, 25.76
49, 151, 251412.0, 3.02, 0, 0, 30, 26.98
50, -118, 256505.0, -2.36, 0, 0, 27.64, 30
51, -51, 261588.0, -1.02, 0, 0, 28.98, 30
52, -67, 266676.0, -1.34, 0, 0, 28.66, 30
53, -95, 271768.0, -1.9, 0, 0, 28.1, 30
54, -100, 276852.0, -2.0, 0, 0, 28.0, 30
55, -106, 281947.0, -2.12, 0, 0, 27.88, 30
56, -90, 287124.0, -1.8, 0, 0, 28.2, 30
57, 13, 292114.0, 0.26, 0, 0, 30, 29.74
58, 20, 297201.0, 0.4, 0, 0, 30, 29.6
59, -62, 302308.0, -1.24, 0, 0, 28.76, 30
60, -245, 307379.0, -4.9, 0, 0, 25.1, 30
61, -113, 312477.0, -2.26, 0, 0, 27.74, 30
62, 8, 317556.0, 0.16, 0, 0, 30, 29.84
63, -93, 322654.0, -1.86, 0, 0, 28.14, 30
64, -167, 327738.0, -3.34, 0, 0, 26.66, 30
65, -212, 332823.0, -4.24, 0, 0, 25.76, 30
66, -179, 337904.0, -3.58, 0, 0, 26.42, 30
67, -172, 343003.0, -3.44, 0, 0, 26.56, 30
68, -187, 348077.0, -3.74, 0, 0, 26.26, 30
69, -229, 353337.0, -4.58, 0, 0, 25.42, 30
70, -192, 358295.0, -3.84, 0, 0, 26.16, 30
71, -218, 363372.0, -4.36, 0, 0, 25.64, 30
72, -389, 368449.0, -7.78, 0, 0, 22.22, 30
73, -402, 373551.0, -8.04, 0, 0, 21.96, 30
74, -383, 378645.0, -7.66, 0, 0, 22.34, 30
75, -146, 383840.0, -2.92, 0, 0, 27.08, 30
76, -277, 388809.0, -5.54, 0, 0, 24.46, 30
77, -146, 393939.0, -2.92, 0, 0, 27.08, 30
78, -282, 399002.0, -5.64, 0, 0, 24.36, 30
79, -327, 404112.0, -6.54, 0, 0, 23.46, 30
80, -333, 409355.0, -6.66, 0, 0, 23.34, 30
81, -253, 414295.0, -5.06, 0, 0, 24.94, 30
82, -411, 419633.0, -8.22, 0, 0, 21.78, 30
83, -217, 424479.0, -4.34, 0, 0, 25.66, 30
84, -133, 429742.0, -2.66, 0, 0, 27.34, 30
85, -172, 434822.0, -3.44, 0, 0, 26.56, 30
86, -59, 439724.0, -1.18, 0, 0, 28.82, 30
87, -69, 445068.0, -1.38, 0, 0, 28.62, 30
88, -90, 449893.0, -1.8, 0, 0, 28.2, 30
89, -110, 454995.0, -2.2, 0, 0, 27.8, 30
90, -94, 460273.0, -1.88, 0, 0, 28.12, 30
91, -110, 465160.0, -2.2, 0, 0, 27.8, 30
92, -335, 470243.0, -6.7, 0, 0, 23.3, 30
93, -315, 475369.0, -6.3, 0, 0, 23.7, 30
94, -234, 480425.0, -4.68, 0, 0, 25.32, 30
95, -173, 485509.0, -3.46, 0, 0, 26.54, 30
96, -7, 490600.0, -0.14, 0, 0, 29.86, 30
97, -8, 495720.0, -0.16, 0, 0, 29.84, 30
98, -1, 500767.0, -0.02, 0, 0, 29.98, 30
99, 0, 505865.0, 0.0, 0, 0, 30, 30.0
100, -83, 510988.0, -1.66, 0, 0, 28.34, 30
101, 5, 516045.0, 0.1, 0, 0, 30, 29.9
102, -24, 521135.0, -0.48, 0, 0, 29.52, 30
103, 80, 526231.0, 1.6, 0, 0, 30, 28.4
104, -81, 531315.0, -1.62, 0, 0, 28.38, 30
105, -84, 536406.0, -1.68, 0, 0, 28.32, 30
106, 481, 541490.0, 9.62, 0, 0, 30, 20.38
107, 288, 546595.0, 5.76, 0, 0, 30, 24.24
108, 80, 551687.0, 1.6, 0, 0, 30, 28.4
109, 77, 556772.0, 1.54, 0, 0, 30, 28.46
110, 72, 561845.0, 1.44, 0, 0, 30, 28.56
111, 246, 566973.0, 4.92, 0, 0, 30, 25.08
112, 185, 572028.0, 3.7, 0, 0, 30, 26.3
113, 65, 577122.0, 1.3, 0, 0, 30, 28.7
114, 56, 582214.0, 1.12, 0, 0, 30, 28.88
115, 291, 587285.0, 5.82, 0, 0, 30, 24.18
116, 146, 592372.0, 2.92, 0, 0, 30, 27.08
117, 166, 597459.0, 3.32, 0, 0, 30, 26.68
118, -4, 602544.0, -0.08, 0, 0, 29.92, 30
119, 55, 607648.0, 1.1, 0, 0, 30, 28.9
120, 166, 612726.0, 3.32, 0, 0, 30, 26.68
121, -42, 617813.0, -0.84, 0, 0, 29.16, 30
122, 80, 622913.0, 1.6, 0, 0, 30, 28.4
123, -73, 627977.0, -1.46, 0, 0, 28.54, 30
124, -63, 633088.0, -1.26, 0, 0, 28.74, 30
125, -195, 638176.0, -3.9, 0, 0, 26.1, 30
126, -254, 643246.0, -5.08, 0, 0, 24.92, 30
127, 95, 648346.0, 1.9, 0, 0, 30, 28.1
128, 0, 653412.0, 0.0, 0, 0, 30, 30.0
129, -45, 658515.0, -0.9, 0, 0, 29.1, 30
130, 110, 663605.0, 2.2, 0, 0, 30, 27.8
131, 103, 668679.0, 2.06, 0, 0, 30, 27.94
132, 39, 673760.0, 0.78, 0, 0, 30, 29.22
133, 14, 678864.0, 0.28, 0, 0, 30, 29.72
134, 116, 683965.0, 2.32, 0, 0, 30, 27.68
135, 109, 689020.0, 2.18, 0, 0, 30, 27.82
136, 161, 694162.0, 3.22, 0, 0, 30, 26.78
137, 333, 699195.0, 6.66, 0, 0, 30, 23.34
138, 228, 704302.0, 4.56, 0, 0, 30, 25.44
139, 114, 709372.0, 2.28, 0, 0, 30, 27.72
140, 118, 714497.0, 2.36, 0, 0, 30, 27.64
141, 153, 719568.0, 3.06, 0, 0, 30, 26.94
142, 309, 724639.0, 6.18, 0, 0, 30, 23.82
143, 385, 729723.0, 7.7, 0, 0, 30, 22.3
144, 235, 734852.0, 4.7, 0, 0, 30, 25.3
145, 350, 739903.0, 7.0, 0, 0, 30, 23.0
146, 546, 745018.0, 10.92, 0, 0, 30, 19.08
147, 516, 750086.0, 10.32, 0, 0, 30, 19.68
148, 466, 755154.0, 9.32, 0, 0, 30, 20.68
149, 428, 760244.0, 8.56, 0, 0, 30, 21.44
150, 523, 765365.0, 10.46, 0, 0, 30, 19.54
151, 364, 770413.0, 7.28, 0, 0, 30, 22.72
152, 325, 775550.0, 6.5, 0, 0, 30, 23.5
153, 453, 780606.0, 9.06, 0, 0, 30, 20.94
154, 538, 785698.0, 10.76, 0, 0, 30, 19.24
155, 443, 790847.0, 8.86, 0, 0, 30, 21.14
156, 352, 795892.0, 7.04, 0, 0, 30, 22.96
157, 437, 800972.0, 8.74, 0, 0, 30, 21.26
158, 466, 806077.0, 9.32, 0, 0, 30, 20.68
159, 481, 811145.0, 9.62, 0, 0, 30, 20.38
160, 557, 816231.0, 11.14, 0, 0, 30, 18.86
161, 536, 821318.0, 10.72, 0, 0, 30, 19.28
162, 487, 826413.0, 9.74, 0, 0, 30, 20.26
163, 489, 831511.0, 9.78, 0, 0, 30, 20.22
164, 386, 836578.0, 7.72, 0, 0, 30, 22.28
165, 407, 841673.0, 8.14, 0, 0, 30, 21.86
166, 340, 846768.0, 6.8, 0, 0, 30, 23.2
167, 583, 851836.0, 11.66, 0, 0, 30, 18.34
168, 445, 856926.0, 8.9, 0, 0, 30, 21.1
169, 535, 862023.0, 10.7, 0, 0, 30, 19.3
170, 491, 867103.0, 9.82, 0, 0, 30, 20.18
171, 385, 872179.0, 7.7, 0, 0, 30, 22.3
172, 321, 877264.0, 6.42, 0, 0, 30, 23.58
173, 334, 882361.0, 6.68, 0, 0, 30, 23.32
174, 151, 887463.0, 3.02, 0, 0, 30, 26.98
175, 227, 892524.0, 4.54, 0, 0, 30, 25.46
176, 236, 897618.0, 4.72, 0, 0, 30, 25.28
177, 102, 902730.0, 2.04, 0, 0, 30, 27.96
178, 62, 907798.0, 1.24, 0, 0, 30, 28.76
179, -72, 912883.0, -1.44, 0, 0, 28.56, 30
180, 205, 917981.0, 4.1, 0, 0, 30, 25.9
181, 265, 923050.0, 5.3, 0, 0, 30, 24.7
182, 175, 928148.0, 3.5, 0, 0, 30, 26.5
183, 62, 933229.0, 1.24, 0, 0, 30, 28.76
184, 56, 938319.0, 1.12, 0, 0, 30, 28.88
185, -83, 943428.0, -1.66, 0, 0, 28.34, 30
186, 46, 948560.0, 0.92, 0, 0, 30, 29.08
187, 51, 953594.0, 1.02, 0, 0, 30, 28.98
188, -114, 958699.0, -2.28, 0, 0, 27.72, 30
189, -231, 963762.0, -4.62, 0, 0, 25.38, 30
190, -346, 968854.0, -6.92, 0, 0, 23.08, 30
191, -344, 973976.0, -6.88, 0, 0, 23.12, 30
192, -405, 979022.0, -8.1, 0, 0, 21.9, 30
193, -472, 984129.0, -9.44, 0, 0, 20.56, 30
194, -491, 989198.0, -9.82, 0, 0, 20.18, 30
195, -342, 994284.0, -6.84, 0, 0, 23.16, 30
196, -452, 999388.0, -9.04, 0, 0, 20.96, 30
197, -484, 1004485.0, -9.68, 0, 0, 20.32, 30
198, -506, 1009786.0, -10.12, 0, 0, 19.88, 30
199, -503, 1014752.0, -10.06, 0, 0, 19.94, 30
200, -500, 1019905.0, -10.0, 0, 0, 20.0, 30
201, -500, 1024840.0, -10.0, 0, 0, 20.0, 30
202, -430, 1029929.0, -8.6, 0, 0, 21.4, 30
203, -502, 1035050.0, -10.04, 0, 0, 19.96, 30
204, -565, 1040100.0, -11.3, 0, 0, 18.7, 30
205, -553, 1045415.0, -11.06, 0, 0, 18.94, 30
206, -475, 1050270.0, -9.5, 0, 0, 20.5, 30
207, -441, 1055410.0, -8.82, 0, 0, 21.18, 30
208, -600, 1060639.0, -12.0, 0, 0, 18.0, 30
209, -491, 1065535.0, -9.82, 0, 0, 20.18, 30
210, -430, 1070641.0, -8.6, 0, 0, 21.4, 30
211, -438, 1075923.0, -8.76, 0, 0, 21.24, 30
212, -535, 1080806.0, -10.7, 0, 0, 19.3, 30
213, -541, 1085904.0, -10.82, 0, 0, 19.18, 30
214, -592, 1090986.0, -11.84, 0, 0, 18.16, 30
215, -554, 1096376.0, -11.08, 0, 0, 18.92, 30
216, -551, 1101153.0, -11.02, 0, 0, 18.98, 30
217, -550, 1106240.0, -11.0, 0, 0, 19.0, 30
218, -563, 1111354.0, -11.26, 0, 0, 18.74, 30
219, -567, 1116429.0, -11.34, 0, 0, 18.66, 30
220, -552, 1121513.0, -11.04, 0, 0, 18.96, 30
221, -551, 1126632.0, -11.02, 0, 0, 18.98, 30
222, -489, 1131690.0, -9.78, 0, 0, 20.22, 30
223, -616, 1136784.0, -12.32, 0, 0, 17.68, 30
224, -589, 1141877.0, -11.78, 0, 0, 18.22, 30
225, -545, 1146946.0, -10.9, 0, 0, 19.1, 30
226, -540, 1152043.0, -10.8, 0, 0, 19.2, 30
227, -534, 1157270.0, -10.68, 0, 0, 19.32, 30
228, -582, 1162300.0, -11.64, 0, 0, 18.36, 30
229, -495, 1167399.0, -9.9, 0, 0, 20.1, 30
230, -482, 1172469.0, -9.64, 0, 0, 20.36, 30
231, -462, 1177563.0, -9.24, 0, 0, 20.76, 30
232, -481, 1182754.0, -9.62, 0, 0, 20.38, 30
233, -383, 1187739.0, -7.66, 0, 0, 22.34, 30
234, -424, 1192825.0, -8.48, 0, 0, 21.52, 30
235, -506, 1197938.0, -10.12, 0, 0, 19.88, 30
236, -456, 1203196.0, -9.12, 0, 0, 20.88, 30
237, -466, 1208104.0, -9.32, 0, 0, 20.68, 30
238, -489, 1213232.0, -9.78, 0, 0, 20.22, 30
239, -550, 1218447.0, -11.0, 0, 0, 19.0, 30
240, -498, 1223370.0, -9.96, 0, 0, 20.04, 30
241, -499, 1228455.0, -9.98, 0, 0, 20.02, 30
242, -497, 1233538.0, -9.94, 0, 0, 20.06, 30
243, -432, 1238634.0, -8.64, 0, 0, 21.36, 30
244, -337, 1243707.0, -6.74, 0, 0, 23.26, 30
245, -363, 1248984.0, -7.26, 0, 0, 22.74, 30
246, -359, 1253927.0, -7.18, 0, 0, 22.82, 30
247, -349, 1258972.0, -6.98, 0, 0, 23.02, 30
248, -250, 1264280.0, -5.0, 0, 0, 25.0, 30
249, -83, 1269148.0, -1.66, 0, 0, 28.34, 30
250, 53, 1274271.0, 1.06, 0, 0, 30, 28.94
251, -35, 1279400.0, -0.7, 0, 0, 29.3, 30
252, 264, 1284416.0, 5.28, 0, 0, 30, 24.72
253, 202, 1289501.0, 4.04, 0, 0, 30, 25.96
254, 116, 1294596.0, 2.32, 0, 0, 30, 27.68
255, 54, 1299674.0, 1.08, 0, 0, 30, 28.92
256, -133, 1304794.0, -2.66, 0, 0, 27.34, 30
257, -51, 1309859.0, -1.02, 0, 0, 28.98, 30
258, -5, 1314945.0, -0.1, 0, 0, 29.9, 30
259, 234, 1320019.0, 4.68, 0, 0, 30, 25.32
260, 172, 1325129.0, 3.44, 0, 0, 30, 26.56
261, 219, 1330376.0, 4.38, 0, 0, 30, 25.62
262, 394, 1335326.0, 7.88, 0, 0, 30, 22.12
263, 439, 1340358.0, 8.78, 0, 0, 30, 21.22
264, 548, 1345468.0, 10.96, 0, 0, 30, 19.04
265, 493, 1350545.0, 9.86, 0, 0, 30, 20.14
266, 449, 1355750.0, 8.98, 0, 0, 30, 21.02
267, 376, 1360723.0, 7.52, 0, 0, 30, 22.48
268, 502, 1365839.0, 10.04, 0, 0, 30, 19.96
269, 498, 1370898.0, 9.96, 0, 0, 30, 20.04
270, 560, 1376012.0, 11.2, 0, 0, 30, 18.8
271, 571, 1381086.0, 11.42, 0, 0, 30, 18.58
272, 543, 1386172.0, 10.86, 0, 0, 30, 19.14
273, 591, 1391292.0, 11.82, 0, 0, 30, 18.18
274, 522, 1396563.0, 10.44, 0, 0, 30, 19.56
275, 533, 1401426.0, 10.66, 0, 0, 30, 19.34
276, 412, 1406529.0, 8.24, 0, 0, 30, 21.76
277, 578, 1411615.0, 11.56, 0, 0, 30, 18.44
278, 531, 1416699.0, 10.62, 0, 0, 30, 19.38
279, 684, 1421812.0, 13.68, 0, 0, 30, 16.32
280, 670, 1426869.0, 13.4, 0, 0, 30, 16.6
281, 881, 1431961.0, 17.62, 0, 0, 30, 12.38
282, 896, 1437055.0, 17.92, 0, 0, 30, 12.08
283, 760, 1442145.0, 15.2, 0, 0, 30, 14.8
284, 758, 1447244.0, 15.16, 0, 0, 30, 14.84
285, 687, 1452449.0, 13.74, 0, 0, 30, 16.26
286, 502, 1457414.0, 10.04, 0, 0, 30, 19.96
287, 647, 1462660.0, 12.94, 0, 0, 30, 17.06
288, 550, 1467565.0, 11.0, 0, 0, 30, 19.0
289, 751, 1472661.0, 15.02, 0, 0, 30, 14.98
290, 721, 1477763.0, 14.42, 0, 0, 30, 15.58
291, 756, 1482862.0, 15.12, 0, 0, 30, 14.88
292, 963, 1487934.0, 19.26, 0, 0, 30, 10.74
293, 752, 1493004.0, 15.04, 0, 0, 30, 14.96
294, 733, 1498091.0, 14.66, 0, 0, 30, 15.34
295, 668, 1503190.0, 13.36, 0, 0, 30, 16.64
296, 553, 1508269.0, 11.06, 0, 0, 30, 18.94
297, 581, 1513359.0, 11.62, 0, 0, 30, 18.38
298, 878, 1518454.0, 17.56, 0, 0, 30, 12.44
299, 1000, 1523512.0, 20.0, 0, 0, 30, 10.0
300, 794, 1528614.0, 15.88, 0, 0, 30, 14.12
301, 952, 1533703.0, 19.04, 0, 0, 30, 10.96
302, 981, 1538785.0, 19.62, 0, 0, 30, 10.38
303, 830, 1543907.0, 16.6, 0, 0, 30, 13.4
304, 775, 1549049.0, 15.5, 0, 0, 30, 14.5
305, 765, 1554088.0, 15.3, 0, 0, 30, 14.7
306, 818, 1559178.0, 16.36, 0, 0, 30, 13.64
307, 787, 1564255.0, 15.74, 0, 0, 30, 14.26
308, 713, 1569336.0, 14.26, 0, 0, 30, 15.74
309, 705, 1574468.0, 14.1, 0, 0, 30, 15.9
310, 726, 1579508.0, 14.52, 0, 0, 30, 15.48
311, 555, 1584681.0, 11.1, 0, 0, 30, 18.9
312, 397, 1589705.0, 7.94, 0, 0, 30, 22.06
313, 441, 1594849.0, 8.82, 0, 0, 30, 21.18
314, 566, 1599864.0, 11.32, 0, 0, 30, 18.68
315, 454, 1604947.0, 9.08, 0, 0, 30, 20.92
316, 401, 1610043.0, 8.02, 0, 0, 30, 21.98
317, 378, 1615173.0, 7.56, 0, 0, 30, 22.44
318, 474, 1620217.0, 9.48, 0, 0, 30, 20.52
319, 366, 1625359.0, 7.32, 0, 0, 30, 22.68
320, 235, 1630425.0, 4.7, 0, 0, 30, 25.3
321, 313, 1635482.0, 6.26, 0, 0, 30, 23.74
322, 313, 1640577.0, 6.26, 0, 0, 30, 23.74
323, 284, 1645709.0, 5.68, 0, 0, 30, 24.32
324, 320, 1650762.0, 6.4, 0, 0, 30, 23.6
325, 333, 1656013.0, 6.66, 0, 0, 30, 23.34
326, 276, 1660930.0, 5.52, 0, 0, 30, 24.48
327, 209, 1666022.0, 4.18, 0, 0, 30, 25.82
328, 344, 1671111.0, 6.88, 0, 0, 30, 23.12
329, 15, 1676178.0, 0.3, 0, 0, 30, 29.7
330, -3, 1681266.0, -0.06, 0, 0, 29.94, 30
331, 35, 1686383.0, 0.7, 0, 0, 30, 29.3
332, -66, 1691447.0, -1.32, 0, 0, 28.68, 30
333, -85, 1696533.0, -1.7, 0, 0, 28.3, 30
334, -335, 1701615.0, -6.7, 0, 0, 23.3, 30
335, -414, 1706728.0, -8.28, 0, 0, 21.72, 30
336, -336, 1711807.0, -6.72, 0, 0, 23.28, 30
337, -455, 1716882.0, -9.1, 0, 0, 20.9, 30
338, -442, 1721976.0, -8.84, 0, 0, 21.16, 30
339, -344, 1727186.0, -6.88, 0, 0, 23.12, 30
340, -391, 1732174.0, -7.82, 0, 0, 22.18, 30
341, -444, 1737238.0, -8.88, 0, 0, 21.12, 30
342, -449, 1742343.0, -8.98, 0, 0, 21.02, 30
343, -486, 1747418.0, -9.72, 0, 0, 20.28, 30
344, -458, 1752514.0, -9.16, 0, 0, 20.84, 30
345, -467, 1757593.0, -9.34, 0, 0, 20.66, 30
346, -406, 1762698.0, -8.12, 0, 0, 21.88, 30
347, -485, 1767773.0, -9.7, 0, 0, 20.3, 30
348, -515, 1772860.0, -10.3, 0, 0, 19.7, 30
349, -455, 1777944.0, -9.1, 0, 0, 20.9, 30
350, -466, 1783247.0, -9.32, 0, 0, 20.68, 30
351, -673, 1788126.0, -13.46, 0, 0, 16.54, 30
352, -1231, 1793374.0, -24.62, 0, 0, 5.38, 30
353, -1200, 1798459.0, -24.0, 0, 0, 6.0, 30
354, -1493, 1803546.0, -29.86, 0, 0, 0.14, 30
355, -1458, 1808851.0, -29.16, 0, 0, 0.84, 30
356, -1499, 1813726.0, -29.98, 0, 0, 0.02, 30
357, -1500, 1818809.0, -30.0, 0, 0, 0.0, 30
358, -1502, 1823995.0, -30.04, 0, 0, 0, 30
359, -1501, 1829164.0, -30.02, 0, 0, 0, 30
360, -1500, 1834058.0, -30.0, 0, 0, 0.0, 30
361, -1503, 1839152.0, -30.06, 0, 0, 0, 30
362, -1501, 1844268.0, -30.02, 0, 0, 0, 30
363, -1499, 1849324.0, -29.98, 0, 0, 0.02, 30
364, -1500, 1854586.0, -30.0, 0, 0, 0.0, 30
365, -1500, 1859493.0, -30.0, 0, 0, 0.0, 30
366, -1313, 1864609.0, -26.26, 0, 0, 3.74, 30
367, -1500, 1869683.0, -30.0, 0, 0, 0.0, 30
368, -1499, 1874800.0, -29.98, 0, 0, 0.02, 30
369, -1501, 1879838.0, -30.02, 0, 0, 0, 30
370, -1494, 1884939.0, -29.88, 0, 0, 0.12, 30
371, -1491, 1890016.0, -29.82, 0, 0, 0.18, 30
372, -1480, 1895119.0, -29.6, 0, 0, 0.4, 30
373, -1434, 1900205.0, -28.68, 0, 0, 1.32, 30
374, -1128, 1905336.0, -22.56, 0, 0, 7.44, 30
375, -1011, 1910393.0, -20.22, 0, 0, 9.78, 30
376, -1090, 1915469.0, -21.8, 0, 0, 8.2, 30
377, -862, 1920551.0, -17.24, 0, 0, 12.76, 30
378, -614, 1925696.0, -12.28, 0, 0, 17.72, 30
379, -759, 1930730.0, -15.18, 0, 0, 14.82, 30
380, -749, 1935825.0, -14.98, 0, 0, 15.02, 30
381, -750, 1940903.0, -15.0, 0, 0, 15.0, 30
382, -620, 1945991.0, -12.4, 0, 0, 17.6, 30
383, -691, 1951093.0, -13.82, 0, 0, 16.18, 30
384, -865, 1956162.0, -17.3, 0, 0, 12.7, 30
385, -675, 1961256.0, -13.5, 0, 0, 16.5, 30
386, -549, 1966352.0, -10.98, 0, 0, 19.02, 30
387, -448, 1971422.0, -8.96, 0, 0, 21.04, 30
388, -381, 1976508.0, -7.62, 0, 0, 22.38, 30
389, -378, 1981600.0, -7.56, 0, 0, 22.44, 30
390, -491, 1986689.0, -9.82, 0, 0, 20.18, 30
391, -434, 1991765.0, -8.68, 0, 0, 21.32, 30
392, -416, 1996851.0, -8.32, 0, 0, 21.68, 30
393, -256, 2001945.0, -5.12, 0, 0, 24.88, 30
394, -39, 2007048.0, -0.78, 0, 0, 29.22, 30
395, 140, 2012124.0, 2.8, 0, 0, 30, 27.2
396, 91, 2017295.0, 1.82, 0, 0, 30, 28.18
397, 305, 2022317.0, 6.1, 0, 0, 30, 23.9
398, 84, 2027385.0, 1.68, 0, 0, 30, 28.32
399, 109, 2032472.0, 2.18, 0, 0, 30, 27.82
400, 181, 2037556.0, 3.62, 0, 0, 30, 26.38
401, 349, 2042652.0, 6.98, 0, 0, 30, 23.02
402, 314, 2047732.0, 6.28, 0, 0, 30, 23.72
403, 391, 2052815.0, 7.82, 0, 0, 30, 22.18
404, 439, 2057907.0, 8.78, 0, 0, 30, 21.22
405, 335, 2063010.0, 6.7, 0, 0, 30, 23.3
406, 409, 2068081.0, 8.18, 0, 0, 30, 21.82
407, 388, 2073340.0, 7.76, 0, 0, 30, 22.24
408, 329, 2078280.0, 6.58, 0, 0, 30, 23.42
409, 482, 2083388.0, 9.64, 0, 0, 30, 20.36
410, 458, 2088442.0, 9.16, 0, 0, 30, 20.84
411, 704, 2093539.0, 14.08, 0, 0, 30, 15.92
412, 815, 2098624.0, 16.3, 0, 0, 30, 13.7
413, 865, 2103712.0, 17.3, 0, 0, 30, 12.7
414, 938, 2108817.0, 18.76, 0, 0, 30, 11.24
415, 1251, 2113929.0, 25.02, 0, 0, 30, 4.98
416, 1395, 2119125.0, 27.9, 0, 0, 30, 2.1
417, 1408, 2124254.0, 28.16, 0, 0, 30, 1.84
418, 1187, 2129300.0, 23.74, 0, 0, 30, 6.26
419, 1428, 2134370.0, 28.56, 0, 0, 30, 1.44
420, 1364, 2139455.0, 27.28, 0, 0, 30, 2.72
421, 1315, 2144549.0, 26.3, 0, 0, 30, 3.7
422, 1387, 2149644.0, 27.74, 0, 0, 30, 2.26
423, 1461, 2154758.0, 29.22, 0, 0, 30, 0.78
424, 1359, 2159810.0, 27.18, 0, 0, 30, 2.82
425, 1376, 2164886.0, 27.52, 0, 0, 30, 2.48
426, 1393, 2169940.0, 27.86, 0, 0, 30, 2.14
427, 1509, 2175124.0, 30.18, 0, 0, 30, 0
428, 1508, 2180101.0, 30.16, 0, 0, 30, 0
429, 1508, 2185595.0, 30.16, 0, 0, 30, 0
430, 1507, 2190617.0, 30.14, 0, 0, 30, 0
431, 1421, 2195777.0, 28.42, 0, 0, 30, 1.58
432, 1505, 2200891.0, 30.1, 0, 0, 30, 0
433, 1505, 2206005.0, 30.1, 0, 0, 30, 0
434, 1504, 2211041.0, 30.08, 0, 0, 30, 0
435, 1502, 2216146.0, 30.04, 0, 0, 30, 0
436, 1500, 2221185.0, 30.0, 0, 0, 30, 0.0
437, 1500, 2226310.0, 30.0, 0, 0, 30, 0.0
438, 1448, 2231382.0, 28.96, 0, 0, 30, 1.04
439, 1420, 2236648.0, 28.4, 0, 0, 30, 1.6
440, 1302, 2241746.0, 26.04, 0, 0, 30, 3.96
441, 1180, 2246731.0, 23.6, 0, 0, 30, 6.4
442, 1364, 2251852.0, 27.28, 0, 0, 30, 2.72
443, 1284, 2256924.0, 25.68, 0, 0, 30, 4.32
444, 1058, 2261997.0, 21.16, 0, 0, 30, 8.84
445, 1111, 2267127.0, 22.22, 0, 0, 30, 7.78
446, 1132, 2272179.0, 22.64, 0, 0, 30, 7.36
447, 945, 2277383.0, 18.9, 0, 0, 30, 11.1
448, 856, 2282439.0, 17.12, 0, 0, 30, 12.88
449, 802, 2287159.0, 16.04, 0, 0, 30, 13.96
450, 751, 2292235.0, 15.02, 0, 0, 30, 14.98
451, 718, 2297290.0, 14.36, 0, 0, 30, 15.64
452, 699, 2302419.0, 13.98, 0, 0, 30, 16.02
453, 732, 2307549.0, 14.64, 0, 0, 30, 15.36
454, 659, 2312550.0, 13.18, 0, 0, 30, 16.82
455, 554, 2317683.0, 11.08, 0, 0, 30, 18.92
456, 628, 2322721.0, 12.56, 0, 0, 30, 17.44
457, 519, 2327871.0, 10.38, 0, 0, 30, 19.62
458, 405, 2333125.0, 8.1, 0, 0, 30, 21.9
459, 394, 2338031.0, 7.88, 0, 0, 30, 22.12
460, 396, 2343114.0, 7.92, 0, 0, 30, 22.08
461, 566, 2348143.0, 11.32, 0, 0, 30, 18.68
462, 385, 2353283.0, 7.7, 0, 0, 30, 22.3
463, 403, 2358386.0, 8.06, 0, 0, 30, 21.94
464, 198, 2363405.0, 3.96, 0, 0, 30, 26.04
465, 10, 2368584.0, 0.2, 0, 0, 30, 29.8
466, 173, 2373581.0, 3.46, 0, 0, 30, 26.54
467, -2, 2378729.0, -0.04, 0, 0, 29.96, 30
468, -120, 2383834.0, -2.4, 0, 0, 27.6, 30
469, -141, 2388857.0, -2.82, 0, 0, 27.18, 30
470, -187, 2393995.0, -3.74, 0, 0, 26.26, 30
471, -355, 2399044.0, -7.1, 0, 0, 22.9, 30
472, -320, 2404110.0, -6.4, 0, 0, 23.6, 30
473, -338, 2409224.0, -6.76, 0, 0, 23.24, 30
474, -305, 2414283.0, -6.1, 0, 0, 23.9, 30
475, -339, 2419408.0, -6.78, 0, 0, 23.22, 30
476, -431, 2424493.0, -8.62, 0, 0, 21.38, 30
477, -490, 2429516.0, -9.8, 0, 0, 20.2, 30
478, -342, 2434621.0, -6.84, 0, 0, 23.16, 30
479, -604, 2439675.0, -12.08, 0, 0, 17.92, 30
480, -687, 2444843.0, -13.74, 0, 0, 16.26, 30
481, -801, 2449900.0, -16.02, 0, 0, 13.98, 30
482, -1070, 2455007.0, -21.4, 0, 0, 8.6, 30
483, -1141, 2460057.0, -22.82, 0, 0, 7.18, 30
484, -1243, 2465147.0, -24.86, 0, 0, 5.14, 30
485, -1280, 2470202.0, -25.6, 0, 0, 4.4, 30
486, -1248, 2475379.0, -24.96, 0, 0, 5.04, 30
487, -1075, 2480373.0, -21.5, 0, 0, 8.5, 30
488, -1185, 2485516.0, -23.7, 0, 0, 6.3, 30
489, -1280, 2490581.0, -25.6, 0, 0, 4.4, 30
490, -1382, 2495701.0, -27.64, 0, 0, 2.36, 30
491, -1345, 2500741.0, -26.9, 0, 0, 3.1, 30
492, -1304, 2505823.0, -26.08, 0, 0, 3.92, 30
493, -1435, 2510921.0, -28.7, 0, 0, 1.3, 30
494, -1372, 2516011.0, -27.44, 0, 0, 2.56, 30
495, -1328, 2521074.0, -26.56, 0, 0, 3.44, 30
496, -1278, 2526186.0, -25.56, 0, 0, 4.44, 30
497, -1375, 2531242.0, -27.5, 0, 0, 2.5, 30
498, -1368, 2536306.0, -27.36, 0, 0, 2.64, 30
499, -1508, 2541425.0, -30.16, 0, 0, 0, 30
500, -1320, 2546515.0, -26.4, 0, 0, 3.6, 30
501, -1593, 2551586.0, -31.86, 0, 0, 0, 30
502, -1641, 2556684.0, -32.82, 0, 0, 0, 30
503, -1493, 2561758.0, -29.86, 0, 0, 0.14, 30
504, -1368, 2566852.0, -27.36, 0, 0, 2.64, 30
505, -1344, 2571923.0, -26.88, 0, 0, 3.12, 30
506, -1461, 2577022.0, -29.22, 0, 0, 0.78, 30
507, -1485, 2582062.0, -29.7, 0, 0, 0.3, 30
508, -1527, 2587193.0, -30.54, 0, 0, 0, 30
509, -1468, 2592272.0, -29.36, 0, 0, 0.64, 30
510, -1310, 2597378.0, -26.2, 0, 0, 3.8, 30
511, -1331, 2602445.0, -26.62, 0, 0, 3.38, 30
512, -1318, 2607602.0, -26.36, 0, 0, 3.64, 30
513, -1005, 2612607.0, -20.1, 0, 0, 9.9, 30
514, -1230, 2617680.0, -24.6, 0, 0, 5.4, 30
515, -1204, 2622785.0, -24.08, 0, 0, 5.92, 30
516, -1240, 2627901.0, -24.8, 0, 0, 5.2, 30
517, -1327, 2632919.0, -26.54, 0, 0, 3.46, 30
518, -1314, 2638018.0, -26.28, 0, 0, 3.72, 30
519, -1229, 2643076.0, -24.58, 0, 0, 5.42, 30
520, -1031, 2648163.0, -20.62, 0, 0, 9.38, 30
521, -1060, 2653234.0, -21.2, 0, 0, 8.8, 30
522, -734, 2658380.0, -14.68, 0, 0, 15.32, 30
523, -702, 2663412.0, -14.04, 0, 0, 15.96, 30
524, -600, 2668535.0, -12.0, 0, 0, 18.0, 30
525, -735, 2673619.0, -14.7, 0, 0, 15.3, 30
526, -545, 2678700.0, -10.9, 0, 0, 19.1, 30
527, -510, 2683848.0, -10.2, 0, 0, 19.8, 30
528, -508, 2688848.0, -10.16, 0, 0, 19.84, 30
529, -438, 2693979.0, -8.76, 0, 0, 21.24, 30
530, -460, 2699038.0, -9.2, 0, 0, 20.8, 30
531, -291, 2704126.0, -5.82, 0, 0, 24.18, 30
532, -350, 2709158.0, -7.0, 0, 0, 23.0, 30
533, -374, 2714284.0, -7.48, 0, 0, 22.52, 30
534, -377, 2719359.0, -7.54, 0, 0, 22.46, 30
535, -393, 2724495.0, -7.86, 0, 0, 22.14, 30
536, -261, 2729502.0, -5.22, 0, 0, 24.78, 30
537, -365, 2734637.0, -7.3, 0, 0, 22.7, 30
538, -306, 2739708.0, -6.12, 0, 0, 23.88, 30
539, -210, 2744784.0, -4.2, 0, 0, 25.8, 30
540, -137, 2749870.0, -2.74, 0, 0, 27.26, 30
541, 5, 2754983.0, 0.1, 0, 0, 30, 29.9
542, -169, 2760018.0, -3.38, 0, 0, 26.62, 30
543, -78, 2765176.0, -1.56, 0, 0, 28.44, 30
544, 58, 2770157.0, 1.16, 0, 0, 30, 28.84
545, 223, 2775228.0, 4.46, 0, 0, 30, 25.54
546, 342, 2780333.0, 6.84, 0, 0, 30, 23.16
547, 461, 2785483.0, 9.22, 0, 0, 30, 20.78
548, 486, 2790502.0, 9.72, 0, 0, 30, 20.28
549, 521, 2795625.0, 10.42, 0, 0, 30, 19.58
550, 463, 2800729.0, 9.26, 0, 0, 30, 20.74
551, 509, 2805752.0, 10.18, 0, 0, 30, 19.82
552, 464, 2810863.0, 9.28, 0, 0, 30, 20.72
553, 489, 2815891.0, 9.78, 0, 0, 30, 20.22
554, 544, 2821011.0, 10.88, 0, 0, 30, 19.12
555, 713, 2826071.0, 14.26, 0, 0, 30, 15.74
556, 709, 2831200.0, 14.18, 0, 0, 30, 15.82
557, 644, 2836312.0, 12.88, 0, 0, 30, 17.12
558, 709, 2841337.0, 14.18, 0, 0, 30, 15.82
559, 875, 2846427.0, 17.5, 0, 0, 30, 12.5
560, 1067, 2851467.0, 21.34, 0, 0, 30, 8.66
561, 1182, 2856640.0, 23.64, 0, 0, 30, 6.36
562, 1133, 2861640.0, 22.66, 0, 0, 30, 7.34
563, 1280, 2866896.0, 25.6, 0, 0, 30, 4.4
564, 1293, 2871926.0, 25.86, 0, 0, 30, 4.14
565, 1317, 2877037.0, 26.34, 0, 0, 30, 3.66
566, 1352, 2882102.0, 27.04, 0, 0, 30, 2.96
567, 1450, 2887165.0, 29.0, 0, 0, 30, 1.0
568, 1441, 2892268.0, 28.82, 0, 0, 30, 1.18
569, 1440, 2897350.0, 28.8, 0, 0, 30, 1.2
570, 1459, 2902442.0, 29.18, 0, 0, 30, 0.82
571, 1333, 2907523.0, 26.66, 0, 0, 30, 3.34
572, 1432, 2912616.0, 28.64, 0, 0, 30, 1.36
573, 1421, 2917691.0, 28.42, 0, 0, 30, 1.58
574, 1378, 2922803.0, 27.56, 0, 0, 30, 2.44
575, 1258, 2927871.0, 25.16, 0, 0, 30, 4.84
576, 1321, 2933110.0, 26.42, 0, 0, 30, 3.58
577, 1353, 2938061.0, 27.06, 0, 0, 30, 2.94
578, 1365, 2943131.0, 27.3, 0, 0, 30, 2.7
579, 1242, 2948231.0, 24.84, 0, 0, 30, 5.16
580, 1335, 2953304.0, 26.7, 0, 0, 30, 3.3
581, 1498, 2958401.0, 29.96, 0, 0, 30, 0.04
582, 1497, 2963477.0, 29.94, 0, 0, 30, 0.06
583, 1497, 2968572.0, 29.94, 0, 0, 30, 0.06
584, 1494, 2973647.0, 29.88, 0, 0, 30, 0.12
585, 1427, 2978750.0, 28.54, 0, 0, 30, 1.46
586, 1417, 2983852.0, 28.34, 0, 0, 30, 1.66
587, 1281, 2988919.0, 25.62, 0, 0, 30, 4.38
588, 1325, 2994011.0, 26.5, 0, 0, 30, 3.5
589, 1272, 2999087.0, 25.44, 0, 0, 30, 4.56
590, 1219, 3004224.0, 24.38, 0, 0, 30, 5.62
591, 970, 3009274.0, 19.4, 0, 0, 30, 10.6
592, 1000, 3014349.0, 20.0, 0, 0, 30, 10.0
593, 1004, 3019449.0, 20.08, 0, 0, 30, 9.92
594, 835, 3024561.0, 16.7, 0, 0, 30, 13.3
595, 997, 3029614.0, 19.94, 0, 0, 30, 10.06
596, 851, 3034737.0, 17.02, 0, 0, 30, 12.98
597, 789, 3039802.0, 15.78, 0, 0, 30, 14.22
598, 896, 3044878.0, 17.92, 0, 0, 30, 12.08
599, 846, 3049959.0, 16.92, 0, 0, 30, 13.08
600, 852, 3055086.0, 17.04, 0, 0, 30, 12.96
601, 752, 3060147.0, 15.04, 0, 0, 30, 14.96
602, 635, 3065224.0, 12.7, 0, 0, 30, 17.3
603, 536, 3070310.0, 10.72, 0, 0, 30, 19.28
604, 519, 3075400.0, 10.38, 0, 0, 30, 19.62
605, 461, 3080485.0, 9.22, 0, 0, 30, 20.78
606, 525, 3085607.0, 10.5, 0, 0, 30, 19.5
607, 484, 3090662.0, 9.68, 0, 0, 30, 20.32
608, 484, 3095740.0, 9.68, 0, 0, 30, 20.32
609, 200, 3100820.0, 4.0, 0, 0, 30, 26.0
610, 125, 3105909.0, 2.5, 0, 0, 30, 27.5
611, 329, 3111009.0, 6.58, 0, 0, 30, 23.42
612, 275, 3116099.0, 5.5, 0, 0, 30, 24.5
613, 306, 3121182.0, 6.12, 0, 0, 30, 23.88
614, 157, 3126271.0, 3.14, 0, 0, 30, 26.86
615, -75, 3131354.0, -1.5, 0, 0, 28.5, 30
616, -148, 3136442.0, -2.96, 0, 0, 27.04, 30
617, -304, 3141517.0, -6.08, 0, 0, 23.92, 30
618, -332, 3146626.0, -6.64, 0, 0, 23.36, 30
619, -435, 3151703.0, -8.7, 0, 0, 21.3, 30
620, -396, 3156784.0, -7.92, 0, 0, 22.08, 30
621, -441, 3161874.0, -8.82, 0, 0, 21.18, 30
622, -433, 3166960.0, -8.66, 0, 0, 21.34, 30
623, -443, 3172051.0, -8.86, 0, 0, 21.14, 30
624, -365, 3177136.0, -7.3, 0, 0, 22.7, 30
625, -498, 3182273.0, -9.96, 0, 0, 20.04, 30
626, -536, 3187355.0, -10.72, 0, 0, 19.28, 30
627, -855, 3192435.0, -17.1, 0, 0, 12.9, 30
628, -907, 3197519.0, -18.14, 0, 0, 11.86, 30
629, -1135, 3202607.0, -22.7, 0, 0, 7.3, 30
630, -1214, 3207705.0, -24.28, 0, 0, 5.72, 30
631, -1060, 3212786.0, -21.2, 0, 0, 8.8, 30
632, -1276, 3217877.0, -25.52, 0, 0, 4.48, 30
633, -1209, 3222953.0, -24.18, 0, 0, 5.82, 30
634, -1241, 3228040.0, -24.82, 0, 0, 5.18, 30
635, -1065, 3233131.0, -21.3, 0, 0, 8.7, 30
636, -1152, 3238229.0, -23.04, 0, 0, 6.96, 30
637, -1311, 3243312.0, -26.22, 0, 0, 3.78, 30
638, -1427, 3248402.0, -28.54, 0, 0, 1.46, 30
639, -1284, 3253481.0, -25.68, 0, 0, 4.32, 30
640, -1364, 3258570.0, -27.28, 0, 0, 2.72, 30
641, -1868, 3263644.0, -37.36, 0, 0, 0, 30
642, -1590, 3268739.0, -31.8, 0, 0, 0, 30
643, -1707, 3273859.0, -34.14, 0, 0, 0, 30
644, -1919, 3278903.0, -38.38, 0, 0, 0, 30
645, -1913, 3283985.0, -38.26, 0, 0, 0, 30
646, -1915, 3289076.0, -38.3, 0, 0, 0, 30
647, -1895, 3294206.0, -37.9, 0, 0, 0, 30
648, -1947, 3299250.0, -38.94, 0, 0, 0, 30
649, -2000, 3304330.0, -40.0, 0, 0, 0, 30
650, -2000, 3309421.0, -40.0, 0, 0, 0, 30
651, -1647, 3314538.0, -32.94, 0, 0, 0, 30
652, -1952, 3319601.0, -39.04, 0, 0, 0, 30
653, -1923, 3324681.0, -38.46, 0, 0, 0, 30
654, -1937, 3329764.0, -38.74, 0, 0, 0, 30
655, -2000, 3334853.0, -40.0, 0, 0, 0, 30
656, -1604, 3339934.0, -32.08, 0, 0, 0, 30
657, -1636, 3345064.0, -32.72, 0, 0, 0, 30
658, -1508, 3350105.0, -30.16, 0, 0, 0, 30
659, -1526, 3355193.0, -30.52, 0, 0, 0, 30
660, -1560, 3360276.0, -31.2, 0, 0, 0, 30
661, -1197, 3365421.0, -23.94, 0, 0, 6.06, 30
662, -1126, 3370463.0, -22.52, 0, 0, 7.48, 30
663, -1142, 3375593.0, -22.84, 0, 0, 7.16, 30
664, -1323, 3380646.0, -26.46, 0, 0, 3.54, 30
665, -1067, 3385722.0, -21.34, 0, 0, 8.66, 30
666, -1049, 3390804.0, -20.98, 0, 0, 9.02, 30
667, -1023, 3395893.0, -20.46, 0, 0, 9.54, 30
668, -830, 3400984.0, -16.6, 0, 0, 13.4, 30
669, -536, 3406066.0, -10.72, 0, 0, 19.28, 30
670, -755, 3411151.0, -15.1, 0, 0, 14.9, 30
671, -942, 3416247.0, -18.84, 0, 0, 11.16, 30
672, -642, 3421322.0, -12.84, 0, 0, 17.16, 30
673, -531, 3426421.0, -10.62, 0, 0, 19.38, 30
674, -662, 3431515.0, -13.24, 0, 0, 16.76, 30
675, -538, 3436603.0, -10.76, 0, 0, 19.24, 30
676, -520, 3441685.0, -10.4, 0, 0, 19.6, 30
677, -490, 3446773.0, -9.8, 0, 0, 20.2, 30
678, -408, 3451860.0, -8.16, 0, 0, 21.84, 30
679, -393, 3456945.0, -7.86, 0, 0, 22.14, 30
680, -407, 3462033.0, -8.14, 0, 0, 21.86, 30
681, -498, 3467121.0, -9.96, 0, 0, 20.04, 30
682, -390, 3472194.0, -7.8, 0, 0, 22.2, 30
683, -463, 3477294.0, -9.26, 0, 0, 20.74, 30
684, -494, 3482386.0, -9.88, 0, 0, 20.12, 30
685, -375, 3487467.0, -7.5, 0, 0, 22.5, 30
686, -245, 3492560.0, -4.9, 0, 0, 25.1, 30
687, -196, 3497767.0, -3.92, 0, 0, 26.08, 30
688, -144, 3502841.0, -2.88, 0, 0, 27.12, 30
689, -116, 3507925.0, -2.32, 0, 0, 27.68, 30
690, -56, 3513010.0, -1.12, 0, 0, 28.88, 30
691, -12, 3518110.0, -0.24, 0, 0, 29.76, 30
692, 151, 3523180.0, 3.02, 0, 0, 30, 26.98
693, 405, 3528264.0, 8.1, 0, 0, 30, 21.9
694, 399, 3533499.0, 7.98, 0, 0, 30, 22.02
695, 355, 3538448.0, 7.1, 0, 0, 30, 22.9
696, 431, 3543548.0, 8.62, 0, 0, 30, 21.38
697, 431, 3548625.0, 8.62, 0, 0, 30, 21.38
698, 440, 3553713.0, 8.8, 0, 0, 30, 21.2
699, 376, 3558803.0, 7.52, 0, 0, 30, 22.48
700, 517, 3563907.0, 10.34, 0, 0, 30, 19.66
701, 651, 3568974.0, 13.02, 0, 0, 30, 16.98
702, 819, 3574063.0, 16.38, 0, 0, 30, 13.62
703, 660, 3579139.0, 13.2, 0, 0, 30, 16.8
704, 722, 3584273.0, 14.44, 0, 0, 30, 15.56
705, 944, 3589354.0, 18.88, 0, 0, 30, 11.12
706, 1349, 3594481.0, 26.98, 0, 0, 30, 3.02
707, 1413, 3599528.0, 28.26, 0, 0, 30, 1.74
708, 1416, 3604613.0, 28.32, 0, 0, 30, 1.68
709, 1426, 3609734.0, 28.52, 0, 0, 30, 1.48
710, 1451, 3614833.0, 29.02, 0, 0, 30, 0.98
711, 1501, 3619862.0, 30.02, 0, 0, 30, 0
712, 1501, 3624951.0, 30.02, 0, 0, 30, 0
713, 1462, 3630057.0, 29.24, 0, 0, 30, 0.76
714, 1341, 3635134.0, 26.82, 0, 0, 30, 3.18
715, 1390, 3640223.0, 27.8, 0, 0, 30, 2.2
716, 1507, 3645328.0, 30.14, 0, 0, 30, 0
717, 1508, 3650412.0, 30.16, 0, 0, 30, 0
718, 1514, 3655478.0, 30.28, 0, 0, 30, 0
719, 1519, 3660550.0, 30.38, 0, 0, 30, 0
720, 1519, 3666010.0, 30.38, 0, 0, 30, 0
721, 1519, 3670998.0, 30.38, 0, 0, 30, 0
722, 1527, 3676176.0, 30.54, 0, 0, 30, 0
723, 1519, 3681040.0, 30.38, 0, 0, 30, 0
724, 1514, 3686121.0, 30.28, 0, 0, 30, 0
725, 1507, 3691215.0, 30.14, 0, 0, 30, 0
726, 1114, 3696465.0, 22.28, 0, 0, 30, 7.72
727, 1504, 3701418.0, 30.08, 0, 0, 30, 0
728, 1502, 3706482.0, 30.04, 0, 0, 30, 0
729, 1230, 3711768.0, 24.6, 0, 0, 30, 5.4
730, 1217, 3716656.0, 24.34, 0, 0, 30, 5.66
731, 1377, 3721899.0, 27.54, 0, 0, 30, 2.46
732, 1483, 3727008.0, 29.66, 0, 0, 30, 0.34
733, 1250, 3732018.0, 25.0, 0, 0, 30, 5.0
734, 1211, 3737164.0, 24.22, 0, 0, 30, 5.78
735, 1362, 3742279.0, 27.24, 0, 0, 30, 2.76
736, 1044, 3747202.0, 20.88, 0, 0, 30, 9.12
737, 1049, 3752371.0, 20.98, 0, 0, 30, 9.02
738, 861, 3757488.0, 17.22, 0, 0, 30, 12.78
739, 1053, 3762362.0, 21.06, 0, 0, 30, 8.94
740, 849, 3767430.0, 16.98, 0, 0, 30, 13.02
741, 774, 3772530.0, 15.48, 0, 0, 30, 14.52
742, 929, 3777632.0, 18.58, 0, 0, 30, 11.42
743, 890, 3782699.0, 17.8, 0, 0, 30, 12.2
744, 647, 3787788.0, 12.94, 0, 0, 30, 17.06
745, 733, 3792876.0, 14.66, 0, 0, 30, 15.34
746, 560, 3797958.0, 11.2, 0, 0, 30, 18.8
747, 496, 3803052.0, 9.92, 0, 0, 30, 20.08
748, 388, 3808135.0, 7.76, 0, 0, 30, 22.24
749, 404, 3813210.0, 8.08, 0, 0, 30, 21.92
750, 487, 3818304.0, 9.74, 0, 0, 30, 20.26
751, 483, 3823377.0, 9.66, 0, 0, 30, 20.34
752, 378, 3828480.0, 7.56, 0, 0, 30, 22.44
753, 532, 3833564.0, 10.64, 0, 0, 30, 19.36
754, 486, 3838649.0, 9.72, 0, 0, 30, 20.28
755, 353, 3843729.0, 7.06, 0, 0, 30, 22.94
756, 243, 3848813.0, 4.86, 0, 0, 30, 25.14
757, 151, 3853934.0, 3.02, 0, 0, 30, 26.98
758, 82, 3859000.0, 1.64, 0, 0, 30, 28.36
759, -7, 3864072.0, -0.14, 0, 0, 29.86, 30
760, 43, 3869159.0, 0.86, 0, 0, 30, 29.14
761, -178, 3874292.0, -3.56, 0, 0, 26.44, 30
762, -373, 3879322.0, -7.46, 0, 0, 22.54, 30
763, -359, 3884407.0, -7.18, 0, 0, 22.82, 30
764, -388, 3889524.0, -7.76, 0, 0, 22.24, 30
765, -408, 3894572.0, -8.16, 0, 0, 21.84, 30
766, -375, 3899666.0, -7.5, 0, 0, 22.5, 30
767, -475, 3904790.0, -9.5, 0, 0, 20.5, 30
768, -633, 3909837.0, -12.66, 0, 0, 17.34, 30
769, -795, 3914921.0, -15.9, 0, 0, 14.1, 30
770, -909, 3920008.0, -18.18, 0, 0, 11.82, 30
771, -995, 3925102.0, -19.9, 0, 0, 10.1, 30
772, -1064, 3930183.0, -21.28, 0, 0, 8.72, 30
773, -1107, 3935430.0, -22.14, 0, 0, 7.86, 30
774, -1316, 3940376.0, -26.32, 0, 0, 3.68, 30
775, -1440, 3945453.0, -28.8, 0, 0, 1.2, 30
776, -1321, 3950535.0, -26.42, 0, 0, 3.58, 30
777, -1181, 3955660.0, -23.62, 0, 0, 6.38, 30
778, -1129, 3960710.0, -22.58, 0, 0, 7.42, 30
779, -1234, 3965799.0, -24.68, 0, 0, 5.32, 30
780, -1460, 3970887.0, -29.2, 0, 0, 0.8, 30
781, -1502, 3975968.0, -30.04, 0, 0, 0, 30
782, -1506, 3981040.0, -30.12, 0, 0, 0, 30
783, -1375, 3986147.0, -27.5, 0, 0, 2.5, 30
784, -1424, 3991235.0, -28.48, 0, 0, 1.52, 30
785, -1535, 3996310.0, -30.7, 0, 0, 0, 30
786, -1432, 4001396.0, -28.64, 0, 0, 1.36, 30
787, -1579, 4006488.0, -31.58, 0, 0, 0, 30
788, -1612, 4011564.0, -32.24, 0, 0, 0, 30
789, -1533, 4016700.0, -30.66, 0, 0, 0, 30
790, -1548, 4021745.0, -30.96, 0, 0, 0, 30
791, -1530, 4026834.0, -30.6, 0, 0, 0, 30
792, -1522, 4031922.0, -30.44, 0, 0, 0, 30
793, -1440, 4037032.0, -28.8, 0, 0, 1.2, 30
794, -1549, 4042102.0, -30.98, 0, 0, 0, 30
795, -1535, 4047193.0, -30.7, 0, 0, 0, 30
796, -1256, 4052311.0, -25.12, 0, 0, 4.88, 30
797, -1471, 4057400.0, -29.42, 0, 0, 0.58, 30
798, -1367, 4062513.0, -27.34, 0, 0, 2.66, 30
799, -1443, 4067517.0, -28.86, 0, 0, 1.14, 30
800, -1348, 4072681.0, -26.96, 0, 0, 3.04, 30
801, -1443, 4077743.0, -28.86, 0, 0, 1.14, 30
802, -1389, 4082829.0, -27.78, 0, 0, 2.22, 30
803, -1287, 4087914.0, -25.74, 0, 0, 4.26, 30
804, -1290, 4092971.0, -25.8, 0, 0, 4.2, 30
805, -1194, 4098087.0, -23.88, 0, 0, 6.12, 30
806, -1150, 4103223.0, -23.0, 0, 0, 7.0, 30
807, -1102, 4108241.0, -22.04, 0, 0, 7.96, 30
808, -1069, 4113344.0, -21.38, 0, 0, 8.62, 30
809, -834, 4118396.0, -16.68, 0, 0, 13.32, 30
810, -839, 4123499.0, -16.78, 0, 0, 13.22, 30
811, -642, 4128547.0, -12.84, 0, 0, 17.16, 30
812, -731, 4133861.0, -14.62, 0, 0, 15.38, 30
813, -823, 4138723.0, -16.46, 0, 0, 13.54, 30
814, -868, 4143996.0, -17.36, 0, 0, 12.64, 30
815, -715, 4148934.0, -14.3, 0, 0, 15.7, 30
816, -488, 4154013.0, -9.76, 0, 0, 20.24, 30
817, -529, 4159059.0, -10.58, 0, 0, 19.42, 30
818, -405, 4164227.0, -8.1, 0, 0, 21.9, 30
819, -370, 4169241.0, -7.4, 0, 0, 22.6, 30
820, -391, 4174349.0, -7.82, 0, 0, 22.18, 30
821, -361, 4179433.0, -7.22, 0, 0, 22.78, 30
822, -319, 4184565.0, -6.38, 0, 0, 23.62, 30
823, -394, 4189642.0, -7.88, 0, 0, 22.12, 30
824, -186, 4194701.0, -3.72, 0, 0, 26.28, 30
825, -310, 4199786.0, -6.2, 0, 0, 23.8, 30
826, -249, 4204890.0, -4.98, 0, 0, 25.02, 30
827, -146, 4209876.0, -2.92, 0, 0, 27.08, 30
828, -71, 4215067.0, -1.42, 0, 0, 28.58, 30
829, 27, 4220058.0, 0.54, 0, 0, 30, 29.46
830, 61, 4225222.0, 1.22, 0, 0, 30, 28.78
831, 130, 4230320.0, 2.6, 0, 0, 30, 27.4
832, 154, 4235355.0, 3.08, 0, 0, 30, 26.92
833, 326, 4240443.0, 6.52, 0, 0, 30, 23.48
834, 433, 4245495.0, 8.66, 0, 0, 30, 21.34
835, 377, 4250628.0, 7.54, 0, 0, 30, 22.46
836, 273, 4255663.0, 5.46, 0, 0, 30, 24.54
837, 368, 4260803.0, 7.36, 0, 0, 30, 22.64
838, 422, 4265837.0, 8.44, 0, 0, 30, 21.56
839, 389, 4270915.0, 7.78, 0, 0, 30, 22.22
840, 341, 4276008.0, 6.82, 0, 0, 30, 23.18
841, 376, 4281092.0, 7.52, 0, 0, 30, 22.48
842, 382, 4286209.0, 7.64, 0, 0, 30, 22.36
843, 477, 4291291.0, 9.54, 0, 0, 30, 20.46
844, 619, 4296360.0, 12.38, 0, 0, 30, 17.62
845, 666, 4301426.0, 13.32, 0, 0, 30, 16.68
846, 696, 4306533.0, 13.92, 0, 0, 30, 16.08
847, 687, 4311634.0, 13.74, 0, 0, 30, 16.26
848, 736, 4316649.0, 14.72, 0, 0, 30, 15.28
849, 843, 4321817.0, 16.86, 0, 0, 30, 13.14
850, 1075, 4326924.0, 21.5, 0, 0, 30, 8.5
851, 1224, 4331934.0, 24.48, 0, 0, 30, 5.52
852, 1193, 4337043.0, 23.86, 0, 0, 30, 6.14
853, 1164, 4342049.0, 23.28, 0, 0, 30, 6.72
854, 1295, 4347262.0, 25.9, 0, 0, 30, 4.1
855, 1123, 4352257.0, 22.46, 0, 0, 30, 7.54
856, 1365, 4357412.0, 27.3, 0, 0, 30, 2.7
857, 1223, 4362440.0, 24.46, 0, 0, 30, 5.54
858, 1219, 4367514.0, 24.38, 0, 0, 30, 5.62
859, 1180, 4372604.0, 23.6, 0, 0, 30, 6.4
860, 1199, 4377705.0, 23.98, 0, 0, 30, 6.02
861, 1340, 4382815.0, 26.8, 0, 0, 30, 3.2
862, 1336, 4387820.0, 26.72, 0, 0, 30, 3.28
863, 1507, 4392956.0, 30.14, 0, 0, 30, 0
864, 1509, 4397970.0, 30.18, 0, 0, 30, 0
865, 1512, 4403109.0, 30.24, 0, 0, 30, 0
866, 1507, 4408237.0, 30.14, 0, 0, 30, 0
867, 1507, 4413263.0, 30.14, 0, 0, 30, 0
868, 1385, 4418690.0, 27.7, 0, 0, 30, 2.3
869, 1506, 4423565.0, 30.12, 0, 0, 30, 0
870, 1502, 4428682.0, 30.04, 0, 0, 30, 0
871, 1425, 4433958.0, 28.5, 0, 0, 30, 1.5
872, 1413, 4439011.0, 28.26, 0, 0, 30, 1.74
873, 1501, 4443967.0, 30.02, 0, 0, 30, 0
874, 1436, 4449166.0, 28.72, 0, 0, 30, 1.28
875, 1499, 4454201.0, 29.98, 0, 0, 30, 0.02
876, 1494, 4459640.0, 29.88, 0, 0, 30, 0.12
877, 1484, 4464492.0, 29.68, 0, 0, 30, 0.32
878, 1368, 4469826.0, 27.36, 0, 0, 30, 2.64
879, 1274, 4474704.0, 25.48, 0, 0, 30, 4.52
880, 1338, 4479750.0, 26.76, 0, 0, 30, 3.24
881, 1051, 4484785.0, 21.02, 0, 0, 30, 8.98
882, 1087, 4489937.0, 21.74, 0, 0, 30, 8.26
883, 1088, 4494960.0, 21.76, 0, 0, 30, 8.24
884, 1096, 4500093.0, 21.92, 0, 0, 30, 8.08
885, 1023, 4505402.0, 20.46, 0, 0, 30, 9.54
886, 806, 4510280.0, 16.12, 0, 0, 30, 13.88
887, 863, 4515432.0, 17.26, 0, 0, 30, 12.74
888, 636, 4520533.0, 12.72, 0, 0, 30, 17.28
889, 581, 4525915.0, 11.62, 0, 0, 30, 18.38
890, 543, 4530703.0, 10.86, 0, 0, 30, 19.14
891, 427, 4535737.0, 8.54, 0, 0, 30, 21.46
892, 325, 4540743.0, 6.5, 0, 0, 30, 23.5
893, 452, 4546661.0, 9.04, 0, 0, 30, 20.96
894, 517, 4550928.0, 10.34, 0, 0, 30, 19.66
895, 450, 4555977.0, 9.0, 0, 0, 30, 21.0
896, 520, 4561068.0, 10.4, 0, 0, 30, 19.6
897, 538, 4566173.0, 10.76, 0, 0, 30, 19.24
898, 418, 4571177.0, 8.36, 0, 0, 30, 21.64
899, 298, 4576248.0, 5.96, 0, 0, 30, 24.04
900, 159, 4581342.0, 3.18, 0, 0, 30, 26.82
901, 240, 4586443.0, 4.8, 0, 0, 30, 25.2
902, 105, 4591513.0, 2.1, 0, 0, 30, 27.9
903, -8, 4596602.0, -0.16, 0, 0, 29.84, 30
904, -144, 4601688.0, -2.88, 0, 0, 27.12, 30
905, -301, 4606781.0, -6.02, 0, 0, 23.98, 30
906, -296, 4611854.0, -5.92, 0, 0, 24.08, 30
907, -373, 4616935.0, -7.46, 0, 0, 22.54, 30
908, -365, 4622015.0, -7.3, 0, 0, 22.7, 30
909, -315, 4627103.0, -6.3, 0, 0, 23.7, 30
910, -300, 4632192.0, -6.0, 0, 0, 24.0, 30
911, -446, 4637277.0, -8.92, 0, 0, 21.08, 30
912, -637, 4642362.0, -12.74, 0, 0, 17.26, 30
913, -677, 4647461.0, -13.54, 0, 0, 16.46, 30
914, -686, 4652549.0, -13.72, 0, 0, 16.28, 30
915, -769, 4657627.0, -15.38, 0, 0, 14.62, 30
916, -1011, 4662710.0, -20.22, 0, 0, 9.78, 30
917, -1179, 4667807.0, -23.58, 0, 0, 6.42, 30
918, -1179, 4672915.0, -23.58, 0, 0, 6.42, 30
919, -1180, 4677991.0, -23.6, 0, 0, 6.4, 30
920, -1196, 4683075.0, -23.92, 0, 0, 6.08, 30
921, -1213, 4688171.0, -24.26, 0, 0, 5.74, 30
922, -1169, 4693262.0, -23.38, 0, 0, 6.62, 30
923, -1174, 4698337.0, -23.48, 0, 0, 6.52, 30
924, -1194, 4703420.0, -23.88, 0, 0, 6.12, 30
925, -1203, 4708539.0, -24.06, 0, 0, 5.94, 30
926, -1239, 4713614.0, -24.78, 0, 0, 5.22, 30
927, -1405, 4718695.0, -28.1, 0, 0, 1.9, 30
928, -1252, 4723782.0, -25.04, 0, 0, 4.96, 30
929, -1210, 4728875.0, -24.2, 0, 0, 5.8, 30
930, -1502, 4734099.0, -30.04, 0, 0, 0, 30
931, -1452, 4739036.0, -29.04, 0, 0, 0.96, 30
932, -1582, 4744124.0, -31.64, 0, 0, 0, 30
933, -1670, 4749207.0, -33.4, 0, 0, 0, 30
934, -1746, 4754295.0, -34.92, 0, 0, 0, 30
935, -1935, 4759382.0, -38.7, 0, 0, 0, 30
936, -2000, 4764509.0, -40.0, 0, 0, 0, 30
937, -2000, 4769540.0, -40.0, 0, 0, 0, 30
938, -2000, 4774635.0, -40.0, 0, 0, 0, 30
939, -2000, 4779730.0, -40.0, 0, 0, 0, 30
940, -2000, 4784854.0, -40.0, 0, 0, 0, 30
941, -1910, 4789893.0, -38.2, 0, 0, 0, 30
942, -1893, 4795030.0, -37.86, 0, 0, 0, 30
943, -1828, 4800055.0, -36.56, 0, 0, 0, 30
944, -1841, 4805151.0, -36.82, 0, 0, 0, 30
945, -1875, 4810234.0, -37.5, 0, 0, 0, 30
946, -1853, 4815377.0, -37.06, 0, 0, 0, 30
947, -1769, 4820410.0, -35.38, 0, 0, 0, 30
948, -1640, 4825502.0, -32.8, 0, 0, 0, 30
949, -1397, 4830597.0, -27.94, 0, 0, 2.06, 30
950, -1326, 4835725.0, -26.52, 0, 0, 3.48, 30
951, -1434, 4840797.0, -28.68, 0, 0, 1.32, 30
952, -1499, 4845896.0, -29.98, 0, 0, 0.02, 30
953, -1459, 4850976.0, -29.18, 0, 0, 0.82, 30
954, -1336, 4856063.0, -26.72, 0, 0, 3.28, 30
955, -1328, 4861142.0, -26.56, 0, 0, 3.44, 30
956, -1391, 4866234.0, -27.82, 0, 0, 2.18, 30
957, -1400, 4871319.0, -28.0, 0, 0, 2.0, 30
958, -1109, 4876406.0, -22.18, 0, 0, 7.82, 30
959, -880, 4881489.0, -17.6, 0, 0, 12.4, 30
960, -713, 4886584.0, -14.26, 0, 0, 15.74, 30
961, -731, 4891668.0, -14.62, 0, 0, 15.38, 30
962, -838, 4896752.0, -16.76, 0, 0, 13.24, 30
963, -832, 4901840.0, -16.64, 0, 0, 13.36, 30
964, -689, 4906928.0, -13.78, 0, 0, 16.22, 30
965, -572, 4912008.0, -11.44, 0, 0, 18.56, 30
966, -462, 4917104.0, -9.24, 0, 0, 20.76, 30
967, -532, 4922193.0, -10.64, 0, 0, 19.36, 30
968, -393, 4927271.0, -7.86, 0, 0, 22.14, 30
969, -412, 4932356.0, -8.24, 0, 0, 21.76, 30
970, -499, 4937458.0, -9.98, 0, 0, 20.02, 30
971, -456, 4942526.0, -9.12, 0, 0, 20.88, 30
972, -310, 4947612.0, -6.2, 0, 0, 23.8, 30
973, -260, 4952702.0, -5.2, 0, 0, 24.8, 30
974, -4, 4957789.0, -0.08, 0, 0, 29.92, 30
975, 130, 4962878.0, 2.6, 0, 0, 30, 27.4
976, 285, 4967957.0, 5.7, 0, 0, 30, 24.3
977, 277, 4973051.0, 5.54, 0, 0, 30, 24.46
978, 364, 4978132.0, 7.28, 0, 0, 30, 22.72
979, 503, 4983220.0, 10.06, 0, 0, 30, 19.94
980, 492, 4988328.0, 9.84, 0, 0, 30, 20.16
981, 350, 4993414.0, 7.0, 0, 0, 30, 23.0
982, 457, 4998494.0, 9.14, 0, 0, 30, 20.86
983, 509, 5003567.0, 10.18, 0, 0, 30, 19.82
984, 407, 5008660.0, 8.14, 0, 0, 30, 21.86
985, 445, 5013754.0, 8.9, 0, 0, 30, 21.1
986, 484, 5018876.0, 9.68, 0, 0, 30, 20.32
987, 549, 5023997.0, 10.98, 0, 0, 30, 19.02
988, 691, 5029057.0, 13.82, 0, 0, 30, 16.18
989, 776, 5034190.0, 15.52, 0, 0, 30, 14.48
990, 873, 5039229.0, 17.46, 0, 0, 30, 12.54
991, 1081, 5044325.0, 21.62, 0, 0, 30, 8.38
992, 1365, 5049409.0, 27.3, 0, 0, 30, 2.7
993, 1335, 5054529.0, 26.7, 0, 0, 30, 3.3
994, 1453, 5059581.0, 29.06, 0, 0, 30, 0.94
995, 1321, 5064660.0, 26.42, 0, 0, 30, 3.58
996, 1373, 5069756.0, 27.46, 0, 0, 30, 2.54
997, 1402, 5074837.0, 28.04, 0, 0, 30, 1.96
998, 1421, 5079923.0, 28.42, 0, 0, 30, 1.58
999, 1501, 5085033.0, 30.02, 0, 0, 30, 0
1000, 1440, 5090097.0, 28.8, 0, 0, 30, 1.2
1001, 1354, 5095239.0, 27.08, 0, 0, 30, 2.92
1002, 1419, 5100298.0, 28.38, 0, 0, 30, 1.62
1003, 1437, 5105406.0, 28.74, 0, 0, 30, 1.26
1004, 1474, 5110487.0, 29.48, 0, 0, 30, 0.52
1005, 1390, 5115616.0, 27.8, 0, 0, 30, 2.2
1006, 1543, 5120690.0, 30.86, 0, 0, 30, 0
1007, 1596, 5125731.0, 31.92, 0, 0, 30, 0
1008, 1597, 5130824.0, 31.94, 0, 0, 30, 0
1009, 1150, 5135922.0, 23.0, 0, 0, 30, 7.0
1010, 1514, 5141001.0, 30.28, 0, 0, 30, 0
1011, 1458, 5146102.0, 29.16, 0, 0, 30, 0.84
1012, 1543, 5151166.0, 30.86, 0, 0, 30, 0
1013, 1428, 5156292.0, 28.56, 0, 0, 30, 1.44
1014, 1368, 5161370.0, 27.36, 0, 0, 30, 2.64
1015, 1339, 5166462.0, 26.78, 0, 0, 30, 3.22
1016, 1456, 5171538.0, 29.12, 0, 0, 30, 0.88
1017, 1480, 5176630.0, 29.6, 0, 0, 30, 0.4
1018, 1476, 5181709.0, 29.52, 0, 0, 30, 0.48
1019, 1382, 5186804.0, 27.64, 0, 0, 30, 2.36
1020, 1505, 5191887.0, 30.1, 0, 0, 30, 0
1021, 1445, 5196983.0, 28.9, 0, 0, 30, 1.1
1022, 1447, 5202056.0, 28.94, 0, 0, 30, 1.06
1023, 1455, 5207145.0, 29.1, 0, 0, 30, 0.9
1024, 1339, 5212239.0, 26.78, 0, 0, 30, 3.22
1025, 1237, 5217336.0, 24.74, 0, 0, 30, 5.26
1026, 1242, 5222415.0, 24.84, 0, 0, 30, 5.16
1027, 1366, 5227497.0, 27.32, 0, 0, 30, 2.68
1028, 1316, 5232603.0, 26.32, 0, 0, 30, 3.68
1029, 758, 5237679.0, 15.16, 0, 0, 30, 14.84
1030, 680, 5242757.0, 13.6, 0, 0, 30, 16.4
1031, 603, 5247846.0, 12.06, 0, 0, 30, 17.94
1032, 719, 5252926.0, 14.38, 0, 0, 30, 15.62
1033, 759, 5258032.0, 15.18, 0, 0, 30, 14.82
1034, 677, 5263112.0, 13.54, 0, 0, 30, 16.46
1035, 682, 5268191.0, 13.64, 0, 0, 30, 16.36
1036, 642, 5273288.0, 12.84, 0, 0, 30, 17.16
1037, 610, 5278382.0, 12.2, 0, 0, 30, 17.8
1038, 495, 5283451.0, 9.9, 0, 0, 30, 20.1
1039, 528, 5288554.0, 10.56, 0, 0, 30, 19.44
1040, 432, 5293630.0, 8.64, 0, 0, 30, 21.36
1041, 437, 5298720.0, 8.74, 0, 0, 30, 21.26
1042, 450, 5303845.0, 9.0, 0, 0, 30, 21.0
1043, 517, 5308891.0, 10.34, 0, 0, 30, 19.66
1044, 409, 5313992.0, 8.18, 0, 0, 30, 21.82
1045, 399, 5319061.0, 7.98, 0, 0, 30, 22.02
1046, 275, 5324200.0, 5.5, 0, 0, 30, 24.5
1047, 147, 5329250.0, 2.94, 0, 0, 30, 27.06
1048, 252, 5334529.0, 5.04, 0, 0, 30, 24.96
1049, -32, 5339433.0, -0.64, 0, 0, 29.36, 30
1050, 2, 5344550.0, 0.04, 0, 0, 30, 29.96
1051, -148, 5349601.0, -2.96, 0, 0, 27.04, 30
1052, -332, 5354693.0, -6.64, 0, 0, 23.36, 30
1053, -276, 5359804.0, -5.52, 0, 0, 24.48, 30
1054, -416, 5364896.0, -8.32, 0, 0, 21.68, 30
1055, -350, 5369969.0, -7.0, 0, 0, 23.0, 30
1056, -359, 5375111.0, -7.18, 0, 0, 22.82, 30
1057, -378, 5380165.0, -7.56, 0, 0, 22.44, 30
1058, -357, 5385258.0, -7.14, 0, 0, 22.86, 30
1059, -318, 5390356.0, -6.36, 0, 0, 23.64, 30
1060, -388, 5395423.0, -7.76, 0, 0, 22.24, 30
1061, -622, 5400499.0, -12.44, 0, 0, 17.56, 30
1062, -655, 5405634.0, -13.1, 0, 0, 16.9, 30
1063, -1035, 5410683.0, -20.7, 0, 0, 9.3, 30
1064, -1118, 5415771.0, -22.36, 0, 0, 7.64, 30
1065, -1230, 5420861.0, -24.6, 0, 0, 5.4, 30
1066, -1260, 5425952.0, -25.2, 0, 0, 4.8, 30
1067, -1249, 5431035.0, -24.98, 0, 0, 5.02, 30
1068, -1261, 5436121.0, -25.22, 0, 0, 4.78, 30
1069, -1372, 5441218.0, -27.44, 0, 0, 2.56, 30
1070, -1294, 5446302.0, -25.88, 0, 0, 4.12, 30
1071, -1420, 5451387.0, -28.4, 0, 0, 1.6, 30
1072, -1503, 5456479.0, -30.06, 0, 0, 0, 30
1073, -1513, 5461558.0, -30.26, 0, 0, 0, 30
1074, -1532, 5466659.0, -30.64, 0, 0, 0, 30
1075, -1576, 5471744.0, -31.52, 0, 0, 0, 30
1076, -1640, 5476832.0, -32.8, 0, 0, 0, 30
1077, -1735, 5481910.0, -34.7, 0, 0, 0, 30
1078, -1799, 5487012.0, -35.98, 0, 0, 0, 30
1079, -1609, 5492079.0, -32.18, 0, 0, 0, 30
1080, -1660, 5497178.0, -33.2, 0, 0, 0, 30
1081, -1896, 5502258.0, -37.92, 0, 0, 0, 30
1082, -1867, 5507346.0, -37.34, 0, 0, 0, 30
1083, -1873, 5512423.0, -37.46, 0, 0, 0, 30
1084, -1886, 5517535.0, -37.72, 0, 0, 0, 30
1085, -1840, 5522615.0, -36.8, 0, 0, 0, 30
1086, -1790, 5527687.0, -35.8, 0, 0, 0, 30
1087, -1630, 5532782.0, -32.6, 0, 0, 0, 30
1088, -1639, 5537867.0, -32.78, 0, 0, 0, 30
1089, -1574, 5542947.0, -31.48, 0, 0, 0, 30
1090, -1537, 5548048.0, -30.74, 0, 0, 0, 30
1091, -1471, 5553161.0, -29.42, 0, 0, 0.58, 30
1092, -1363, 5558239.0, -27.26, 0, 0, 2.74, 30
1093, -1461, 5563322.0, -29.22, 0, 0, 0.78, 30
1094, -1333, 5568408.0, -26.66, 0, 0, 3.34, 30
1095, -1372, 5573502.0, -27.44, 0, 0, 2.56, 30
1096, -1499, 5578583.0, -29.98, 0, 0, 0.02, 30
1097, -1384, 5583680.0, -27.68, 0, 0, 2.32, 30
1098, -1492, 5588762.0, -29.84, 0, 0, 0.16, 30
1099, -1473, 5593903.0, -29.46, 0, 0, 0.54, 30
1100, -1377, 5598953.0, -27.54, 0, 0, 2.46, 30
1101, -1011, 5604039.0, -20.22, 0, 0, 9.78, 30
1102, -889, 5609119.0, -17.78, 0, 0, 12.22, 30
1103, -850, 5614242.0, -17.0, 0, 0, 13.0, 30
1104, -712, 5619293.0, -14.24, 0, 0, 15.76, 30
1105, -614, 5624391.0, -12.28, 0, 0, 17.72, 30
1106, -601, 5629459.0, -12.02, 0, 0, 17.98, 30
1107, -855, 5634564.0, -17.1, 0, 0, 12.9, 30
1108, -728, 5639638.0, -14.56, 0, 0, 15.44, 30
1109, -589, 5644769.0, -11.78, 0, 0, 18.22, 30
1110, -559, 5649807.0, -11.18, 0, 0, 18.82, 30
1111, -596, 5654897.0, -11.92, 0, 0, 18.08, 30
1112, -576, 5659977.0, -11.52, 0, 0, 18.48, 30
1113, -513, 5665124.0, -10.26, 0, 0, 19.74, 30
1114, -475, 5670194.0, -9.5, 0, 0, 20.5, 30
1115, -355, 5675263.0, -7.1, 0, 0, 22.9, 30
1116, -374, 5680342.0, -7.48, 0, 0, 22.52, 30
1117, -331, 5685439.0, -6.62, 0, 0, 23.38, 30
1118, -165, 5690522.0, -3.3, 0, 0, 26.7, 30
1119, -106, 5695649.0, -2.12, 0, 0, 27.88, 30
1120, -20, 5700688.0, -0.4, 0, 0, 29.6, 30
1121, -78, 5705779.0, -1.56, 0, 0, 28.44, 30
1122, 37, 5710857.0, 0.74, 0, 0, 30, 29.26
1123, 211, 5715949.0, 4.22, 0, 0, 30, 25.78
1124, 385, 5721049.0, 7.7, 0, 0, 30, 22.3
1125, 450, 5726126.0, 9.0, 0, 0, 30, 21.0
1126, 415, 5731211.0, 8.3, 0, 0, 30, 21.7
1127, 392, 5736303.0, 7.84, 0, 0, 30, 22.16
1128, 421, 5741374.0, 8.42, 0, 0, 30, 21.58
1129, 493, 5746467.0, 9.86, 0, 0, 30, 20.14
1130, 431, 5751560.0, 8.62, 0, 0, 30, 21.38
1131, 427, 5756648.0, 8.54, 0, 0, 30, 21.46
1132, 476, 5761725.0, 9.52, 0, 0, 30, 20.48
1133, 655, 5766822.0, 13.1, 0, 0, 30, 16.9
1134, 746, 5771906.0, 14.92, 0, 0, 30, 15.08
1135, 980, 5776989.0, 19.6, 0, 0, 30, 10.4
1136, 1232, 5782080.0, 24.64, 0, 0, 30, 5.36
1137, 1192, 5787163.0, 23.84, 0, 0, 30, 6.16
1138, 1238, 5792262.0, 24.76, 0, 0, 30, 5.24
1139, 1271, 5797349.0, 25.42, 0, 0, 30, 4.58
1140, 1201, 5802429.0, 24.02, 0, 0, 30, 5.98
1141, 1330, 5807511.0, 26.6, 0, 0, 30, 3.4
1142, 1254, 5812603.0, 25.08, 0, 0, 30, 4.92
1143, 1362, 5817673.0, 27.24, 0, 0, 30, 2.76
1144, 1412, 5822756.0, 28.24, 0, 0, 30, 1.76
1145, 1280, 5827856.0, 25.6, 0, 0, 30, 4.4
1146, 1247, 5832940.0, 24.94, 0, 0, 30, 5.06
1147, 1449, 5838027.0, 28.98, 0, 0, 30, 1.02
1148, 1424, 5843112.0, 28.48, 0, 0, 30, 1.52
1149, 1339, 5848202.0, 26.78, 0, 0, 30, 3.22
1150, 1255, 5853287.0, 25.1, 0, 0, 30, 4.9
1151, 1284, 5858366.0, 25.68, 0, 0, 30, 4.32
1152, 1386, 5863454.0, 27.72, 0, 0, 30, 2.28
1153, 1628, 5868527.0, 32.56, 0, 0, 30, 0
1154, 1654, 5873614.0, 33.08, 0, 0, 30, 0
1155, 1660, 5878705.0, 33.2, 0, 0, 30, 0
1156, 1667, 5883829.0, 33.34, 0, 0, 30, 0
1157, 1639, 5888905.0, 32.78, 0, 0, 30, 0
1158, 1608, 5893975.0, 32.16, 0, 0, 30, 0
1159, 1579, 5899065.0, 31.58, 0, 0, 30, 0
1160, 1552, 5904183.0, 31.04, 0, 0, 30, 0
1161, 1539, 5909241.0, 30.78, 0, 0, 30, 0
1162, 1527, 5914324.0, 30.54, 0, 0, 30, 0
1163, 1242, 5919427.0, 24.84, 0, 0, 30, 5.16
1164, 1504, 5924538.0, 30.08, 0, 0, 30, 0
1165, 1502, 5929578.0, 30.04, 0, 0, 30, 0
1166, 1500, 5934813.0, 30.0, 0, 0, 30, 0.0
1167, 1459, 5939781.0, 29.18, 0, 0, 30, 0.82
1168, 1378, 5944870.0, 27.56, 0, 0, 30, 2.44
1169, 1499, 5949947.0, 29.98, 0, 0, 30, 0.02
1170, 1495, 5955094.0, 29.9, 0, 0, 30, 0.1
1171, 1236, 5960123.0, 24.72, 0, 0, 30, 5.28
1172, 1173, 5965203.0, 23.46, 0, 0, 30, 6.54
1173, 1384, 5970299.0, 27.68, 0, 0, 30, 2.32
1174, 1226, 5975429.0, 24.52, 0, 0, 30, 5.48
1175, 1111, 5980474.0, 22.22, 0, 0, 30, 7.78
1176, 1063, 5985603.0, 21.26, 0, 0, 30, 8.74
1177, 893, 5990647.0, 17.86, 0, 0, 30, 12.14
1178, 898, 5995744.0, 17.96, 0, 0, 30, 12.04
1179, 738, 6000826.0, 14.76, 0, 0, 30, 15.24
1180, 631, 6005918.0, 12.62, 0, 0, 30, 17.38
1181, 619, 6011004.0, 12.38, 0, 0, 30, 17.62
1182, 470, 6016084.0, 9.4, 0, 0, 30, 20.6
1183, 509, 6021180.0, 10.18, 0, 0, 30, 19.82
1184, 570, 6026254.0, 11.4, 0, 0, 30, 18.6
1185, 567, 6031349.0, 11.34, 0, 0, 30, 18.66
1186, 563, 6036429.0, 11.26, 0, 0, 30, 18.74
1187, 553, 6041521.0, 11.06, 0, 0, 30, 18.94
1188, 492, 6046601.0, 9.84, 0, 0, 30, 20.16
1189, 371, 6051691.0, 7.42, 0, 0, 30, 22.58
1190, 319, 6056784.0, 6.38, 0, 0, 30, 23.62
1191, 208, 6061869.0, 4.16, 0, 0, 30, 25.84
1192, 300, 6066946.0, 6.0, 0, 0, 30, 24.0
1193, 215, 6072044.0, 4.3, 0, 0, 30, 25.7
1194, -55, 6077125.0, -1.1, 0, 0, 28.9, 30
1195, -301, 6082219.0, -6.02, 0, 0, 23.98, 30
1196, -474, 6087305.0, -9.48, 0, 0, 20.52, 30
1197, -421, 6092389.0, -8.42, 0, 0, 21.58, 30
1198, -369, 6097479.0, -7.38, 0, 0, 22.62, 30
1199, -242, 6102563.0, -4.84, 0, 0, 25.16, 30
1200, -209, 6107657.0, -4.18, 0, 0, 25.82, 30
1201, -196, 6112735.0, -3.92, 0, 0, 26.08, 30
1202, -305, 6117827.0, -6.1, 0, 0, 23.9, 30
1203, -497, 6122911.0, -9.94, 0, 0, 20.06, 30
1204, -869, 6128001.0, -17.38, 0, 0, 12.62, 30
1205, -1188, 6133080.0, -23.76, 0, 0, 6.24, 30
1206, -1218, 6138171.0, -24.36, 0, 0, 5.64, 30
1207, -1284, 6143264.0, -25.68, 0, 0, 4.32, 30
1208, -1313, 6148340.0, -26.26, 0, 0, 3.74, 30
1209, -1235, 6153432.0, -24.7, 0, 0, 5.3, 30
1210, -1158, 6158508.0, -23.16, 0, 0, 6.84, 30
1211, -1254, 6163597.0, -25.08, 0, 0, 4.92, 30
1212, -1248, 6168677.0, -24.96, 0, 0, 5.04, 30
1213, -1239, 6173774.0, -24.78, 0, 0, 5.22, 30
1214, -1350, 6178847.0, -27.0, 0, 0, 3.0, 30
1215, -1297, 6183989.0, -25.94, 0, 0, 4.06, 30
1216, -1380, 6189040.0, -27.6, 0, 0, 2.4, 30
1217, -1578, 6194130.0, -31.56, 0, 0, 0, 30
1218, -1341, 6199214.0, -26.82, 0, 0, 3.18, 30
1219, -1421, 6204300.0, -28.42, 0, 0, 1.58, 30
1220, -1346, 6209389.0, -26.92, 0, 0, 3.08, 30
1221, -1510, 6214504.0, -30.2, 0, 0, 0, 30
1222, -1472, 6219558.0, -29.44, 0, 0, 0.56, 30
1223, -1469, 6224642.0, -29.38, 0, 0, 0.62, 30
1224, -1378, 6229740.0, -27.56, 0, 0, 2.44, 30
1225, -1537, 6234821.0, -30.74, 0, 0, 0, 30
1226, -1794, 6239894.0, -35.88, 0, 0, 0, 30
1227, -2000, 6245015.0, -40.0, 0, 0, 0, 30
1228, -2000, 6250061.0, -40.0, 0, 0, 0, 30
1229, -2000, 6255153.0, -40.0, 0, 0, 0, 30
1230, -2000, 6260238.0, -40.0, 0, 0, 0, 30
1231, -2000, 6265355.0, -40.0, 0, 0, 0, 30
1232, -2000, 6270417.0, -40.0, 0, 0, 0, 30
1233, -1802, 6275497.0, -36.04, 0, 0, 0, 30
1234, -2000, 6280578.0, -40.0, 0, 0, 0, 30
1235, -2000, 6285706.0, -40.0, 0, 0, 0, 30
1236, -2000, 6290786.0, -40.0, 0, 0, 0, 30
1237, -1632, 6295880.0, -32.64, 0, 0, 0, 30
1238, -1935, 6300998.0, -38.7, 0, 0, 0, 30
1239, -1899, 6306057.0, -37.98, 0, 0, 0, 30
1240, -1727, 6311150.0, -34.54, 0, 0, 0, 30
1241, -1460, 6316241.0, -29.2, 0, 0, 0.8, 30
1242, -1573, 6321308.0, -31.46, 0, 0, 0, 30
1243, -1524, 6326395.0, -30.48, 0, 0, 0, 30
1244, -1511, 6331482.0, -30.22, 0, 0, 0, 30
1245, -1502, 6336571.0, -30.04, 0, 0, 0, 30
1246, -1500, 6341653.0, -30.0, 0, 0, 0.0, 30
1247, -1499, 6346754.0, -29.98, 0, 0, 0.02, 30
1248, -1350, 6351841.0, -27.0, 0, 0, 3.0, 30
1249, -1336, 6356930.0, -26.72, 0, 0, 3.28, 30
1250, -1149, 6362014.0, -22.98, 0, 0, 7.02, 30
1251, -1192, 6367104.0, -23.84, 0, 0, 6.16, 30
1252, -1022, 6372188.0, -20.44, 0, 0, 9.56, 30
1253, -1070, 6377285.0, -21.4, 0, 0, 8.6, 30
1254, -902, 6382362.0, -18.04, 0, 0, 11.96, 30
1255, -902, 6387457.0, -18.04, 0, 0, 11.96, 30
1256, -896, 6392550.0, -17.92, 0, 0, 12.08, 30
1257, -722, 6397685.0, -14.44, 0, 0, 15.56, 30
1258, -629, 6402727.0, -12.58, 0, 0, 17.42, 30
1259, -550, 6407825.0, -11.0, 0, 0, 19.0, 30
1260, -383, 6412820.0, -7.66, 0, 0, 22.34, 30
1261, -504, 6417985.0, -10.08, 0, 0, 19.92, 30
1262, -386, 6423089.0, -7.72, 0, 0, 22.28, 30
1263, -403, 6428210.0, -8.06, 0, 0, 21.94, 30
1264, -396, 6433288.0, -7.92, 0, 0, 22.08, 30
1265, -416, 6438399.0, -8.32, 0, 0, 21.68, 30
1266, -418, 6443488.0, -8.36, 0, 0, 21.64, 30
1267, -361, 6449126.0, -7.22, 0, 0, 22.78, 30
1268, -206, 6453690.0, -4.12, 0, 0, 25.88, 30
1269, -73, 6458924.0, -1.46, 0, 0, 28.54, 30
1270, 168, 6464035.0, 3.36, 0, 0, 30, 26.64
1271, 86, 6469083.0, 1.72, 0, 0, 30, 28.28
1272, 133, 6474302.0, 2.66, 0, 0, 30, 27.34
1273, 241, 6479587.0, 4.82, 0, 0, 30, 25.18
1274, 388, 6484636.0, 7.76, 0, 0, 30, 22.24
1275, 410, 6489730.0, 8.2, 0, 0, 30, 21.8
1276, 456, 6494913.0, 9.12, 0, 0, 30, 20.88
1277, 387, 6499838.0, 7.74, 0, 0, 30, 22.26
1278, 441, 6505028.0, 8.82, 0, 0, 30, 21.18
1279, 432, 6510019.0, 8.64, 0, 0, 30, 21.36
1280, 457, 6515084.0, 9.14, 0, 0, 30, 20.86
1281, 505, 6520188.0, 10.1, 0, 0, 30, 19.9
1282, 608, 6525271.0, 12.16, 0, 0, 30, 17.84
1283, 609, 6530338.0, 12.18, 0, 0, 30, 17.82
1284, 739, 6535639.0, 14.78, 0, 0, 30, 15.22
1285, 823, 6540470.0, 16.46, 0, 0, 30, 13.54
1286, 1152, 6545678.0, 23.04, 0, 0, 30, 6.96
1287, 1130, 6550620.0, 22.6, 0, 0, 30, 7.4
1288, 1250, 6555702.0, 25.0, 0, 0, 30, 5.0
1289, 1340, 6560703.0, 26.8, 0, 0, 30, 3.2
1290, 1273, 6565950.0, 25.46, 0, 0, 30, 4.54
1291, 1312, 6570922.0, 26.24, 0, 0, 30, 3.76
1292, 1144, 6576133.0, 22.88, 0, 0, 30, 7.12
1293, 1286, 6581216.0, 25.72, 0, 0, 30, 4.28
1294, 1505, 6586295.0, 30.1, 0, 0, 30, 0
1295, 1511, 6591332.0, 30.22, 0, 0, 30, 0
1296, 1390, 6596434.0, 27.8, 0, 0, 30, 2.2
1297, 1368, 6601540.0, 27.36, 0, 0, 30, 2.64
1298, 1274, 6606619.0, 25.48, 0, 0, 30, 4.52
1299, 1440, 6611682.0, 28.8, 0, 0, 30, 1.2
1300, 1310, 6616664.0, 26.2, 0, 0, 30, 3.8
1301, 964, 6621854.0, 19.28, 0, 0, 30, 10.72
1302, 1018, 6626929.0, 20.36, 0, 0, 30, 9.64
1303, 1348, 6632054.0, 26.96, 0, 0, 30, 3.04
1304, 1322, 6637095.0, 26.44, 0, 0, 30, 3.56
1305, 1714, 6642197.0, 34.28, 0, 0, 30, 0
1306, 1829, 6647238.0, 36.58, 0, 0, 30, 0
1307, 1509, 6652388.0, 30.18, 0, 0, 30, 0
1308, 1859, 6657412.0, 37.18, 0, 0, 30, 0
1309, 1735, 6662521.0, 34.7, 0, 0, 30, 0
1310, 1844, 6667616.0, 36.88, 0, 0, 30, 0
1311, 1798, 6672672.0, 35.96, 0, 0, 30, 0
1312, 1739, 6677761.0, 34.78, 0, 0, 30, 0
1313, 1643, 6682835.0, 32.86, 0, 0, 30, 0
1314, 1536, 6687947.0, 30.72, 0, 0, 30, 0
1315, 1567, 6693004.0, 31.34, 0, 0, 30, 0
1316, 1491, 6698136.0, 29.82, 0, 0, 30, 0.18
1317, 1492, 6703235.0, 29.84, 0, 0, 30, 0.16
1318, 1369, 6708340.0, 27.38, 0, 0, 30, 2.62
1319, 1515, 6713390.0, 30.3, 0, 0, 30, 0
1320, 1385, 6718481.0, 27.7, 0, 0, 30, 2.3
1321, 1384, 6723557.0, 27.68, 0, 0, 30, 2.32
1322, 1455, 6728664.0, 29.1, 0, 0, 30, 0.9
1323, 1412, 6733725.0, 28.24, 0, 0, 30, 1.76
1324, 1200, 6738817.0, 24.0, 0, 0, 30, 6.0
1325, 1173, 6743913.0, 23.46, 0, 0, 30, 6.54
1326, 1166, 6749000.0, 23.32, 0, 0, 30, 6.68
1327, 1229, 6754127.0, 24.58, 0, 0, 30, 5.42
1328, 862, 6759154.0, 17.24, 0, 0, 30, 12.76
1329, 727, 6764252.0, 14.54, 0, 0, 30, 15.46
1330, 685, 6769386.0, 13.7, 0, 0, 30, 16.3
1331, 704, 6774426.0, 14.08, 0, 0, 30, 15.92
1332, 612, 6779570.0, 12.24, 0, 0, 30, 17.76
1333, 665, 6784693.0, 13.3, 0, 0, 30, 16.7
1334, 661, 6789649.0, 13.22, 0, 0, 30, 16.78
1335, 642, 6794728.0, 12.84, 0, 0, 30, 17.16
1336, 583, 6799804.0, 11.66, 0, 0, 30, 18.34
1337, 496, 6804967.0, 9.92, 0, 0, 30, 20.08
1338, 455, 6810016.0, 9.1, 0, 0, 30, 20.9
1339, 397, 6815161.0, 7.94, 0, 0, 30, 22.06
1340, 395, 6820138.0, 7.9, 0, 0, 30, 22.1
1341, 415, 6825239.0, 8.3, 0, 0, 30, 21.7
1342, 423, 6830326.0, 8.46, 0, 0, 30, 21.54
1343, 430, 6835459.0, 8.6, 0, 0, 30, 21.4
1344, 407, 6840493.0, 8.14, 0, 0, 30, 21.86
1345, 201, 6845587.0, 4.02, 0, 0, 30, 25.98
1346, -95, 6850664.0, -1.9, 0, 0, 28.1, 30
1347, 124, 6855773.0, 2.48, 0, 0, 30, 27.52
1348, -87, 6860840.0, -1.74, 0, 0, 28.26, 30
1349, -110, 6865987.0, -2.2, 0, 0, 27.8, 30
1350, -311, 6871042.0, -6.22, 0, 0, 23.78, 30
1351, -480, 6876127.0, -9.6, 0, 0, 20.4, 30
1352, -449, 6881224.0, -8.98, 0, 0, 21.02, 30
1353, -328, 6886315.0, -6.56, 0, 0, 23.44, 30
1354, -296, 6891404.0, -5.92, 0, 0, 24.08, 30
1355, -333, 6896495.0, -6.66, 0, 0, 23.34, 30
1356, -368, 6901575.0, -7.36, 0, 0, 22.64, 30
1357, -423, 6906691.0, -8.46, 0, 0, 21.54, 30
1358, -624, 6911757.0, -12.48, 0, 0, 17.52, 30
1359, -636, 6916824.0, -12.72, 0, 0, 17.28, 30
1360, -788, 6921943.0, -15.76, 0, 0, 14.24, 30
1361, -1081, 6927019.0, -21.62, 0, 0, 8.38, 30
1362, -1115, 6932090.0, -22.3, 0, 0, 7.7, 30
1363, -1211, 6937193.0, -24.22, 0, 0, 5.78, 30
1364, -1119, 6942277.0, -22.38, 0, 0, 7.62, 30
1365, -1152, 6947373.0, -23.04, 0, 0, 6.96, 30
1366, -1136, 6952457.0, -22.72, 0, 0, 7.28, 30
1367, -1187, 6957555.0, -23.74, 0, 0, 6.26, 30
1368, -1170, 6962698.0, -23.4, 0, 0, 6.6, 30
1369, -1163, 6967730.0, -23.26, 0, 0, 6.74, 30
1370, -1245, 6972826.0, -24.9, 0, 0, 5.1, 30
1371, -1293, 6977938.0, -25.86, 0, 0, 4.14, 30
1372, -1183, 6982996.0, -23.66, 0, 0, 6.34, 30
1373, -1273, 6988112.0, -25.46, 0, 0, 4.54, 30
1374, -1415, 6993178.0, -28.3, 0, 0, 1.7, 30
1375, -1261, 6998261.0, -25.22, 0, 0, 4.78, 30
1376, -1386, 7003363.0, -27.72, 0, 0, 2.28, 30
1377, -1292, 7008464.0, -25.84, 0, 0, 4.16, 30
1378, -1385, 7013534.0, -27.7, 0, 0, 2.3, 30
1379, -1264, 7018613.0, -25.28, 0, 0, 4.72, 30
1380, -1298, 7023706.0, -25.96, 0, 0, 4.04, 30
1381, -1393, 7028824.0, -27.86, 0, 0, 2.14, 30
1382, -1428, 7033946.0, -28.56, 0, 0, 1.44, 30
1383, -1475, 7038984.0, -29.5, 0, 0, 0.5, 30
1384, -1549, 7044091.0, -30.98, 0, 0, 0, 30
1385, -1639, 7049147.0, -32.78, 0, 0, 0, 30
1386, -1525, 7054283.0, -30.5, 0, 0, 0, 30
1387, -1526, 7059322.0, -30.52, 0, 0, 0, 30
1388, -1612, 7064418.0, -32.24, 0, 0, 0, 30
1389, -1614, 7069488.0, -32.28, 0, 0, 0, 30
1390, -1899, 7074626.0, -37.98, 0, 0, 0, 30
1391, -1750, 7079667.0, -35.0, 0, 0, 0, 30
1392, -1902, 7084768.0, -38.04, 0, 0, 0, 30
1393, -1800, 7089841.0, -36.0, 0, 0, 0, 30
1394, -1400, 7094906.0, -28.0, 0, 0, 2.0, 30
1395, -1793, 7099918.0, -35.86, 0, 0, 0, 30
1396, -2000, 7105043.0, -40.0, 0, 0, 0, 30
1397, -1952, 7110080.0, -39.04, 0, 0, 0, 30
1398, -1171, 7115188.0, -23.42, 0, 0, 6.58, 30
1399, -1241, 7120269.0, -24.82, 0, 0, 5.18, 30
1400, -1231, 7125358.0, -24.62, 0, 0, 5.38, 30
1401, -1226, 7130444.0, -24.52, 0, 0, 5.48, 30
1402, -1108, 7135728.0, -22.16, 0, 0, 7.84, 30
1403, -1166, 7140625.0, -23.32, 0, 0, 6.68, 30
1404, -1236, 7145719.0, -24.72, 0, 0, 5.28, 30
1405, -1127, 7150804.0, -22.54, 0, 0, 7.46, 30
1406, -1114, 7155920.0, -22.28, 0, 0, 7.72, 30
1407, -1113, 7161139.0, -22.26, 0, 0, 7.74, 30
1408, -1164, 7166183.0, -23.28, 0, 0, 6.72, 30
1409, -1185, 7171282.0, -23.7, 0, 0, 6.3, 30
1410, -1122, 7176395.0, -22.44, 0, 0, 7.56, 30
1411, -1022, 7181471.0, -20.44, 0, 0, 9.56, 30
1412, -1015, 7186544.0, -20.3, 0, 0, 9.7, 30
1413, -787, 7191660.0, -15.74, 0, 0, 14.26, 30
1414, -671, 7196763.0, -13.42, 0, 0, 16.58, 30
1415, -522, 7201823.0, -10.44, 0, 0, 19.56, 30
1416, -683, 7206911.0, -13.66, 0, 0, 16.34, 30
1417, -713, 7212003.0, -14.26, 0, 0, 15.74, 30
1418, -630, 7217078.0, -12.6, 0, 0, 17.4, 30
1419, -559, 7222183.0, -11.18, 0, 0, 18.82, 30
1420, -403, 7227245.0, -8.06, 0, 0, 21.94, 30
1421, -409, 7232339.0, -8.18, 0, 0, 21.82, 30
1422, -429, 7237453.0, -8.58, 0, 0, 21.42, 30
1423, -447, 7242526.0, -8.94, 0, 0, 21.06, 30
1424, -417, 7247615.0, -8.34, 0, 0, 21.66, 30
1425, -431, 7252707.0, -8.62, 0, 0, 21.38, 30
1426, -464, 7257806.0, -9.28, 0, 0, 20.72, 30
1427, -387, 7262889.0, -7.74, 0, 0, 22.26, 30
1428, -272, 7267988.0, -5.44, 0, 0, 24.56, 30
1429, -76, 7273075.0, -1.52, 0, 0, 28.48, 30
1430, 40, 7278146.0, 0.8, 0, 0, 30, 29.2
1431, 65, 7283230.0, 1.3, 0, 0, 30, 28.7
1432, 220, 7288337.0, 4.4, 0, 0, 30, 25.6
1433, 384, 7293411.0, 7.68, 0, 0, 30, 22.32
1434, 363, 7298538.0, 7.26, 0, 0, 30, 22.74
1435, 469, 7303586.0, 9.38, 0, 0, 30, 20.62
1436, 446, 7308687.0, 8.92, 0, 0, 30, 21.08
1437, 402, 7313769.0, 8.04, 0, 0, 30, 21.96
1438, 325, 7318885.0, 6.5, 0, 0, 30, 23.5
1439, 329, 7323991.0, 6.58, 0, 0, 30, 23.42
1440, 425, 7329048.0, 8.5, 0, 0, 30, 21.5
1441, 569, 7334207.0, 11.38, 0, 0, 30, 18.62
1442, 778, 7339225.0, 15.56, 0, 0, 30, 14.44
1443, 1081, 7344374.0, 21.62, 0, 0, 30, 8.38
1444, 1135, 7349393.0, 22.7, 0, 0, 30, 7.3
1445, 1250, 7354482.0, 25.0, 0, 0, 30, 5.0
1446, 1254, 7359598.0, 25.08, 0, 0, 30, 4.92
1447, 1250, 7364655.0, 25.0, 0, 0, 30, 5.0
1448, 1239, 7369745.0, 24.78, 0, 0, 30, 5.22
1449, 1246, 7374888.0, 24.92, 0, 0, 30, 5.08
1450, 1295, 7379931.0, 25.9, 0, 0, 30, 4.1
1451, 1350, 7385037.0, 27.0, 0, 0, 30, 3.0
1452, 1201, 7390125.0, 24.02, 0, 0, 30, 5.98
1453, 1144, 7395226.0, 22.88, 0, 0, 30, 7.12
1454, 1380, 7400305.0, 27.6, 0, 0, 30, 2.4
1455, 1498, 7405404.0, 29.96, 0, 0, 30, 0.04
1456, 1459, 7410362.0, 29.18, 0, 0, 30, 0.82
1457, 1475, 7415453.0, 29.5, 0, 0, 30, 0.5
1458, 1579, 7420658.0, 31.58, 0, 0, 30, 0
1459, 1848, 7425771.0, 36.96, 0, 0, 30, 0
1460, 1293, 7430819.0, 25.86, 0, 0, 30, 4.14
1461, 1423, 7435909.0, 28.46, 0, 0, 30, 1.54
1462, 1522, 7440987.0, 30.44, 0, 0, 30, 0
1463, 1490, 7446097.0, 29.8, 0, 0, 30, 0.2
1464, 1714, 7451176.0, 34.28, 0, 0, 30, 0
1465, 1936, 7456257.0, 38.72, 0, 0, 30, 0
1466, 1932, 7461298.0, 38.64, 0, 0, 30, 0
1467, 1875, 7466335.0, 37.5, 0, 0, 30, 0
1468, 1872, 7471407.0, 37.44, 0, 0, 30, 0
1469, 1867, 7476613.0, 37.34, 0, 0, 30, 0
1470, 1825, 7481705.0, 36.5, 0, 0, 30, 0
1471, 1731, 7486797.0, 34.62, 0, 0, 30, 0
1472, 1633, 7491870.0, 32.66, 0, 0, 30, 0
1473, 1578, 7497116.0, 31.56, 0, 0, 30, 0
1474, 1536, 7502004.0, 30.72, 0, 0, 30, 0
1475, 1511, 7507196.0, 30.22, 0, 0, 30, 0
1476, 1429, 7512228.0, 28.58, 0, 0, 30, 1.42
1477, 1428, 7517342.0, 28.56, 0, 0, 30, 1.44
1478, 1329, 7522507.0, 26.58, 0, 0, 30, 3.42
1479, 1351, 7527519.0, 27.02, 0, 0, 30, 2.98
1480, 1226, 7532605.0, 24.52, 0, 0, 30, 5.48
1481, 1189, 7537708.0, 23.78, 0, 0, 30, 6.22
1482, 1233, 7542794.0, 24.66, 0, 0, 30, 5.34
1483, 1446, 7547853.0, 28.92, 0, 0, 30, 1.08
1484, 1124, 7552987.0, 22.48, 0, 0, 30, 7.52
1485, 1169, 7558042.0, 23.38, 0, 0, 30, 6.62
1486, 941, 7563160.0, 18.82, 0, 0, 30, 11.18
1487, 880, 7568207.0, 17.6, 0, 0, 30, 12.4
1488, 760, 7573308.0, 15.2, 0, 0, 30, 14.8
1489, 885, 7578391.0, 17.7, 0, 0, 30, 12.3
1490, 792, 7583480.0, 15.84, 0, 0, 30, 14.16
1491, 550, 7588572.0, 11.0, 0, 0, 30, 19.0
1492, 490, 7593676.0, 9.8, 0, 0, 30, 20.2
1493, 531, 7598758.0, 10.62, 0, 0, 30, 19.38
1494, 472, 7603867.0, 9.44, 0, 0, 30, 20.56
1495, 399, 7608931.0, 7.98, 0, 0, 30, 22.02
1496, 404, 7614046.0, 8.08, 0, 0, 30, 21.92
1497, 436, 7619124.0, 8.72, 0, 0, 30, 21.28
1498, 453, 7624240.0, 9.06, 0, 0, 30, 20.94
1499, 414, 7629279.0, 8.28, 0, 0, 30, 21.72
1500, 439, 7634394.0, 8.78, 0, 0, 30, 21.22
1501, 453, 7639457.0, 9.06, 0, 0, 30, 20.94
1502, 44, 7644595.0, 0.88, 0, 0, 30, 29.12
1503, 95, 7649608.0, 1.9, 0, 0, 30, 28.1
1504, -34, 7654644.0, -0.68, 0, 0, 29.32, 30
1505, -106, 7659699.0, -2.12, 0, 0, 27.88, 30
1506, -291, 7664799.0, -5.82, 0, 0, 24.18, 30
1507, -483, 7669874.0, -9.66, 0, 0, 20.34, 30
1508, -469, 7674999.0, -9.38, 0, 0, 20.62, 30
1509, -458, 7680052.0, -9.16, 0, 0, 20.84, 30
1510, -378, 7685150.0, -7.56, 0, 0, 22.44, 30
1511, -350, 7690228.0, -7.0, 0, 0, 23.0, 30
1512, -368, 7695361.0, -7.36, 0, 0, 22.64, 30
1513, -387, 7700393.0, -7.74, 0, 0, 22.26, 30
1514, -459, 7705490.0, -9.18, 0, 0, 20.82, 30
1515, -621, 7710581.0, -12.42, 0, 0, 17.58, 30
1516, -921, 7715659.0, -18.42, 0, 0, 11.58, 30
1517, -1032, 7720731.0, -20.64, 0, 0, 9.36, 30
1518, -1174, 7725978.0, -23.48, 0, 0, 6.52, 30
1519, -1121, 7730945.0, -22.42, 0, 0, 7.58, 30
1520, -1105, 7736343.0, -22.1, 0, 0, 7.9, 30
1521, -1159, 7741223.0, -23.18, 0, 0, 6.82, 30
1522, -1209, 7746342.0, -24.18, 0, 0, 5.82, 30
1523, -1316, 7751427.0, -26.32, 0, 0, 3.68, 30
1524, -1181, 7756522.0, -23.62, 0, 0, 6.38, 30
1525, -1228, 7761609.0, -24.56, 0, 0, 5.44, 30
1526, -1117, 7766675.0, -22.34, 0, 0, 7.66, 30
1527, -1218, 7771763.0, -24.36, 0, 0, 5.64, 30
1528, -1210, 7776855.0, -24.2, 0, 0, 5.8, 30
1529, -1350, 7781937.0, -27.0, 0, 0, 3.0, 30
1530, -1365, 7787046.0, -27.3, 0, 0, 2.7, 30
1531, -1304, 7792143.0, -26.08, 0, 0, 3.92, 30
1532, -1385, 7797210.0, -27.7, 0, 0, 2.3, 30
1533, -1398, 7802271.0, -27.96, 0, 0, 2.04, 30
1534, -1512, 7807286.0, -30.24, 0, 0, 0, 30
1535, -1538, 7812355.0, -30.76, 0, 0, 0, 30
1536, -1534, 7817441.0, -30.68, 0, 0, 0, 30
1537, -1522, 7822531.0, -30.44, 0, 0, 0, 30
1538, -1418, 7827639.0, -28.36, 0, 0, 1.64, 30
1539, -1502, 7832700.0, -30.04, 0, 0, 0, 30
1540, -1706, 7837798.0, -34.12, 0, 0, 0, 30
1541, -1621, 7842895.0, -32.42, 0, 0, 0, 30
1542, -1438, 7847971.0, -28.76, 0, 0, 1.24, 30
1543, -1701, 7853053.0, -34.02, 0, 0, 0, 30
1544, -2000, 7858151.0, -40.0, 0, 0, 0, 30
1545, -2000, 7863268.0, -40.0, 0, 0, 0, 30
1546, -1937, 7868440.0, -38.74, 0, 0, 0, 30
1547, -1926, 7873525.0, -38.52, 0, 0, 0, 30
1548, -1765, 7878612.0, -35.3, 0, 0, 0, 30
1549, -1522, 7883715.0, -30.44, 0, 0, 0, 30
1550, -1520, 7888818.0, -30.4, 0, 0, 0, 30
1551, -1331, 7893939.0, -26.62, 0, 0, 3.38, 30
1552, -1276, 7898964.0, -25.52, 0, 0, 4.48, 30
1553, -1361, 7904174.0, -27.22, 0, 0, 2.78, 30
1554, -1308, 7909154.0, -26.16, 0, 0, 3.84, 30
1555, -1195, 7914289.0, -23.9, 0, 0, 6.1, 30
1556, -1151, 7919335.0, -23.02, 0, 0, 6.98, 30
1557, -1216, 7924435.0, -24.32, 0, 0, 5.68, 30
1558, -1167, 7929472.0, -23.34, 0, 0, 6.66, 30
1559, -1180, 7934537.0, -23.6, 0, 0, 6.4, 30
1560, -1184, 7939568.0, -23.68, 0, 0, 6.32, 30
1561, -1195, 7944677.0, -23.9, 0, 0, 6.1, 30
1562, -1031, 7949749.0, -20.62, 0, 0, 9.38, 30
1563, -919, 7954829.0, -18.38, 0, 0, 11.62, 30
1564, -760, 7959921.0, -15.2, 0, 0, 14.8, 30
1565, -886, 7965060.0, -17.72, 0, 0, 12.28, 30
1566, -758, 7970098.0, -15.16, 0, 0, 14.84, 30
1567, -731, 7975205.0, -14.62, 0, 0, 15.38, 30
1568, -526, 7980269.0, -10.52, 0, 0, 19.48, 30
1569, -547, 7985363.0, -10.94, 0, 0, 19.06, 30
1570, -416, 7990450.0, -8.32, 0, 0, 21.68, 30
1571, -442, 7995584.0, -8.84, 0, 0, 21.16, 30
1572, -450, 8000788.0, -9.0, 0, 0, 21.0, 30
1573, -287, 8005862.0, -5.74, 0, 0, 24.26, 30
1574, -421, 8010856.0, -8.42, 0, 0, 21.58, 30
1575, -421, 8016091.0, -8.42, 0, 0, 21.58, 30
1576, -433, 8021108.0, -8.66, 0, 0, 21.34, 30
1577, -458, 8026229.0, -9.16, 0, 0, 20.84, 30
1578, -362, 8031300.0, -7.24, 0, 0, 22.76, 30
1579, -220, 8036388.0, -4.4, 0, 0, 25.6, 30
1580, -136, 8041501.0, -2.72, 0, 0, 27.28, 30
1581, 204, 8046582.0, 4.08, 0, 0, 30, 25.92
1582, 209, 8051670.0, 4.18, 0, 0, 30, 25.82
1583, 279, 8056753.0, 5.58, 0, 0, 30, 24.42
1584, 489, 8061806.0, 9.78, 0, 0, 30, 20.22
1585, 444, 8066821.0, 8.88, 0, 0, 30, 21.12
1586, 474, 8071896.0, 9.48, 0, 0, 30, 20.52
1587, 558, 8076982.0, 11.16, 0, 0, 30, 18.84
1588, 570, 8082070.0, 11.4, 0, 0, 30, 18.6
1589, 447, 8087168.0, 8.94, 0, 0, 30, 21.06
1590, 421, 8092240.0, 8.42, 0, 0, 30, 21.58
1591, 456, 8097355.0, 9.12, 0, 0, 30, 20.88
1592, 545, 8102424.0, 10.9, 0, 0, 30, 19.1
1593, 637, 8107384.0, 12.74, 0, 0, 30, 17.26
1594, 777, 8112609.0, 15.54, 0, 0, 30, 14.46
1595, 882, 8117688.0, 17.64, 0, 0, 30, 12.36
1596, 1249, 8122781.0, 24.98, 0, 0, 30, 5.02
1597, 1271, 8127866.0, 25.42, 0, 0, 30, 4.58
1598, 1269, 8133100.0, 25.38, 0, 0, 30, 4.62
1599, 1237, 8138163.0, 24.74, 0, 0, 30, 5.26
1600, 1233, 8143214.0, 24.66, 0, 0, 30, 5.34
1601, 1343, 8148228.0, 26.86, 0, 0, 30, 3.14
1602, 1500, 8153425.0, 30.0, 0, 0, 30, 0.0
1603, 1291, 8158519.0, 25.82, 0, 0, 30, 4.18
1604, 1322, 8163611.0, 26.44, 0, 0, 30, 3.56
1605, 1451, 8168692.0, 29.02, 0, 0, 30, 0.98
1606, 1360, 8173779.0, 27.2, 0, 0, 30, 2.8
1607, 1447, 8178877.0, 28.94, 0, 0, 30, 1.06
1608, 1354, 8183998.0, 27.08, 0, 0, 30, 2.92
1609, 1501, 8189034.0, 30.02, 0, 0, 30, 0
1610, 1332, 8194182.0, 26.64, 0, 0, 30, 3.36
1611, 1503, 8199222.0, 30.06, 0, 0, 30, 0
1612, 1352, 8204347.0, 27.04, 0, 0, 30, 2.96
1613, 1335, 8209360.0, 26.7, 0, 0, 30, 3.3
1614, 1439, 8214376.0, 28.78, 0, 0, 30, 1.22
1615, 1431, 8219460.0, 28.62, 0, 0, 30, 1.38
1616, 1503, 8224539.0, 30.06, 0, 0, 30, 0
1617, 1501, 8229622.0, 30.02, 0, 0, 30, 0
1618, 1499, 8234759.0, 29.98, 0, 0, 30, 0.02
1619, 1499, 8239815.0, 29.98, 0, 0, 30, 0.02
1620, 1500, 8244895.0, 30.0, 0, 0, 30, 0.0
1621, 1500, 8249972.0, 30.0, 0, 0, 30, 0.0
1622, 1499, 8255075.0, 29.98, 0, 0, 30, 0.02
1623, 1327, 8260176.0, 26.54, 0, 0, 30, 3.46
1624, 1251, 8265288.0, 25.02, 0, 0, 30, 4.98
1625, 1408, 8270488.0, 28.16, 0, 0, 30, 1.84
1626, 1439, 8275455.0, 28.78, 0, 0, 30, 1.22
1627, 1434, 8280642.0, 28.68, 0, 0, 30, 1.32
1628, 1371, 8285750.0, 27.42, 0, 0, 30, 2.58
1629, 1339, 8290819.0, 26.78, 0, 0, 30, 3.22
1630, 1246, 8295918.0, 24.92, 0, 0, 30, 5.08
1631, 1123, 8300975.0, 22.46, 0, 0, 30, 7.54
1632, 962, 8306090.0, 19.24, 0, 0, 30, 10.76
1633, 939, 8311176.0, 18.78, 0, 0, 30, 11.22
1634, 905, 8316261.0, 18.1, 0, 0, 30, 11.9
1635, 979, 8321364.0, 19.58, 0, 0, 30, 10.42
1636, 1010, 8326447.0, 20.2, 0, 0, 30, 9.8
1637, 900, 8331486.0, 18.0, 0, 0, 30, 12.0
1638, 664, 8336667.0, 13.28, 0, 0, 30, 16.72
1639, 744, 8341587.0, 14.88, 0, 0, 30, 15.12
1640, 760, 8346684.0, 15.2, 0, 0, 30, 14.8
1641, 493, 8351762.0, 9.86, 0, 0, 30, 20.14
1642, 384, 8356849.0, 7.68, 0, 0, 30, 22.32
1643, 432, 8361933.0, 8.64, 0, 0, 30, 21.36
1644, 366, 8367039.0, 7.32, 0, 0, 30, 22.68
1645, 384, 8372116.0, 7.68, 0, 0, 30, 22.32
1646, 370, 8377206.0, 7.4, 0, 0, 30, 22.6
1647, 377, 8382296.0, 7.54, 0, 0, 30, 22.46
1648, 354, 8387371.0, 7.08, 0, 0, 30, 22.92
1649, 366, 8392465.0, 7.32, 0, 0, 30, 22.68
1650, 272, 8397580.0, 5.44, 0, 0, 30, 24.56
1651, 211, 8402801.0, 4.22, 0, 0, 30, 25.78
1652, 170, 8407863.0, 3.4, 0, 0, 30, 26.6
1653, 83, 8412961.0, 1.66, 0, 0, 30, 28.34
1654, -45, 8418052.0, -0.9, 0, 0, 29.1, 30
1655, -79, 8423147.0, -1.58, 0, 0, 28.42, 30
1656, -258, 8428225.0, -5.16, 0, 0, 24.84, 30
1657, -358, 8433321.0, -7.16, 0, 0, 22.84, 30
1658, -342, 8438409.0, -6.84, 0, 0, 23.16, 30
1659, -365, 8443485.0, -7.3, 0, 0, 22.7, 30
1660, -388, 8448585.0, -7.76, 0, 0, 22.24, 30
1661, -268, 8453650.0, -5.36, 0, 0, 24.64, 30
1662, -247, 8458753.0, -4.94, 0, 0, 25.06, 30
1663, -260, 8463864.0, -5.2, 0, 0, 24.8, 30
1664, -290, 8468967.0, -5.8, 0, 0, 24.2, 30
1665, -421, 8474092.0, -8.42, 0, 0, 21.58, 30
1666, -623, 8479121.0, -12.46, 0, 0, 17.54, 30
1667, -800, 8484244.0, -16.0, 0, 0, 14.0, 30
1668, -1169, 8489282.0, -23.38, 0, 0, 6.62, 30
1669, -1230, 8494397.0, -24.6, 0, 0, 5.4, 30
1670, -1185, 8499485.0, -23.7, 0, 0, 6.3, 30
1671, -1313, 8504604.0, -26.26, 0, 0, 3.74, 30
1672, -1327, 8509652.0, -26.54, 0, 0, 3.46, 30
1673, -1385, 8514728.0, -27.7, 0, 0, 2.3, 30
1674, -1401, 8519820.0, -28.02, 0, 0, 1.98, 30
1675, -1500, 8524902.0, -30.0, 0, 0, 0.0, 30
1676, -1501, 8530017.0, -30.02, 0, 0, 0, 30
1677, -1414, 8535133.0, -28.28, 0, 0, 1.72, 30
1678, -1350, 8540180.0, -27.0, 0, 0, 3.0, 30
1679, -1486, 8545270.0, -29.72, 0, 0, 0.28, 30
1680, -1568, 8550347.0, -31.36, 0, 0, 0, 30
1681, -1553, 8555554.0, -31.06, 0, 0, 0, 30
1682, -1458, 8560539.0, -29.16, 0, 0, 0.84, 30
1683, -1493, 8565644.0, -29.86, 0, 0, 0.14, 30
1684, -1830, 8570695.0, -36.6, 0, 0, 0, 30
1685, -1856, 8575799.0, -37.12, 0, 0, 0, 30
1686, -1855, 8580867.0, -37.1, 0, 0, 0, 30
1687, -1890, 8585996.0, -37.8, 0, 0, 0, 30
1688, -1627, 8591056.0, -32.54, 0, 0, 0, 30
1689, -1538, 8596155.0, -30.76, 0, 0, 0, 30
1690, -1733, 8601252.0, -34.66, 0, 0, 0, 30
1691, -1306, 8606345.0, -26.12, 0, 0, 3.88, 30
1692, -1452, 8611464.0, -29.04, 0, 0, 0.96, 30
1693, -1562, 8616561.0, -31.24, 0, 0, 0, 30
1694, -1527, 8621614.0, -30.54, 0, 0, 0, 30
1695, -1563, 8626740.0, -31.26, 0, 0, 0, 30
1696, -1534, 8631810.0, -30.68, 0, 0, 0, 30
1697, -1518, 8636886.0, -30.36, 0, 0, 0, 30
1698, -1282, 8642001.0, -25.64, 0, 0, 4.36, 30
1699, -1503, 8647090.0, -30.06, 0, 0, 0, 30
1700, -1350, 8652168.0, -27.0, 0, 0, 3.0, 30
1701, -1370, 8657282.0, -27.4, 0, 0, 2.6, 30
1702, -1500, 8662351.0, -30.0, 0, 0, 0.0, 30
1703, -1325, 8667448.0, -26.5, 0, 0, 3.5, 30
1704, -1228, 8672538.0, -24.56, 0, 0, 5.44, 30
1705, -1203, 8677621.0, -24.06, 0, 0, 5.94, 30
1706, -1026, 8682708.0, -20.52, 0, 0, 9.48, 30
1707, -858, 8687797.0, -17.16, 0, 0, 12.84, 30
1708, -874, 8692888.0, -17.48, 0, 0, 12.52, 30
1709, -697, 8697994.0, -13.94, 0, 0, 16.06, 30
1710, -504, 8703050.0, -10.08, 0, 0, 19.92, 30
1711, -639, 8708313.0, -12.78, 0, 0, 17.22, 30
1712, -572, 8713301.0, -11.44, 0, 0, 18.56, 30
1713, -396, 8718371.0, -7.92, 0, 0, 22.08, 30
1714, -413, 8723432.0, -8.26, 0, 0, 21.74, 30
1715, -479, 8728531.0, -9.58, 0, 0, 20.42, 30
1716, -417, 8733616.0, -8.34, 0, 0, 21.66, 30
1717, -353, 8738713.0, -7.06, 0, 0, 22.94, 30
1718, -385, 8743782.0, -7.7, 0, 0, 22.3, 30
1719, -375, 8748900.0, -7.5, 0, 0, 22.5, 30
1720, -349, 8754015.0, -6.98, 0, 0, 23.02, 30
1721, -377, 8759077.0, -7.54, 0, 0, 22.46, 30
1722, -344, 8764179.0, -6.88, 0, 0, 23.12, 30
1723, -230, 8769223.0, -4.6, 0, 0, 25.4, 30
1724, -310, 8774395.0, -6.2, 0, 0, 23.8, 30
1725, -190, 8779445.0, -3.8, 0, 0, 26.2, 30
1726, -5, 8784554.0, -0.1, 0, 0, 29.9, 30
1727, -109, 8789583.0, -2.18, 0, 0, 27.82, 30
1728, -83, 8794693.0, -1.66, 0, 0, 28.34, 30
1729, -136, 8799775.0, -2.72, 0, 0, 27.28, 30
1730, 188, 8804901.0, 3.76, 0, 0, 30, 26.24
1731, 230, 8809963.0, 4.6, 0, 0, 30, 25.4
1732, 293, 8815047.0, 5.86, 0, 0, 30, 24.14
1733, 397, 8820116.0, 7.94, 0, 0, 30, 22.06
1734, 399, 8825203.0, 7.98, 0, 0, 30, 22.02
1735, 437, 8830202.0, 8.74, 0, 0, 30, 21.26
1736, 440, 8835320.0, 8.8, 0, 0, 30, 21.2
1737, 528, 8840360.0, 10.56, 0, 0, 30, 19.44
1738, 480, 8845586.0, 9.6, 0, 0, 30, 20.4
1739, 577, 8850655.0, 11.54, 0, 0, 30, 18.46
1740, 515, 8855811.0, 10.3, 0, 0, 30, 19.7
1741, 567, 8860831.0, 11.34, 0, 0, 30, 18.66
1742, 698, 8866023.0, 13.96, 0, 0, 30, 16.04
1743, 705, 8871024.0, 14.1, 0, 0, 30, 15.9
1744, 932, 8876123.0, 18.64, 0, 0, 30, 11.36
1745, 1137, 8881205.0, 22.74, 0, 0, 30, 7.26
1746, 1247, 8886286.0, 24.94, 0, 0, 30, 5.06
1747, 1473, 8891370.0, 29.46, 0, 0, 30, 0.54
1748, 1431, 8896473.0, 28.62, 0, 0, 30, 1.38
1749, 1411, 8901544.0, 28.22, 0, 0, 30, 1.78
1750, 1434, 8906670.0, 28.68, 0, 0, 30, 1.32
1751, 1448, 8911784.0, 28.96, 0, 0, 30, 1.04
1752, 1340, 8916859.0, 26.8, 0, 0, 30, 3.2
1753, 1290, 8921943.0, 25.8, 0, 0, 30, 4.2
1754, 1268, 8927016.0, 25.36, 0, 0, 30, 4.64
1755, 1239, 8932101.0, 24.78, 0, 0, 30, 5.22
1756, 1304, 8937359.0, 26.08, 0, 0, 30, 3.92
1757, 1257, 8942290.0, 25.14, 0, 0, 30, 4.86
1758, 1306, 8947378.0, 26.12, 0, 0, 30, 3.88
1759, 1340, 8952493.0, 26.8, 0, 0, 30, 3.2
1760, 1319, 8957573.0, 26.38, 0, 0, 30, 3.62
1761, 1251, 8962660.0, 25.02, 0, 0, 30, 4.98
1762, 1384, 8967737.0, 27.68, 0, 0, 30, 2.32
1763, 1276, 8972840.0, 25.52, 0, 0, 30, 4.48
1764, 1383, 8977938.0, 27.66, 0, 0, 30, 2.34
1765, 1455, 8982999.0, 29.1, 0, 0, 30, 0.9
1766, 1334, 8988106.0, 26.68, 0, 0, 30, 3.32
1767, 1441, 8993191.0, 28.82, 0, 0, 30, 1.18
1768, 1447, 8998288.0, 28.94, 0, 0, 30, 1.06
1769, 1363, 9003369.0, 27.26, 0, 0, 30, 2.74
1770, 1234, 9008487.0, 24.68, 0, 0, 30, 5.32
1771, 1228, 9013561.0, 24.56, 0, 0, 30, 5.44
1772, 1233, 9018633.0, 24.66, 0, 0, 30, 5.34
1773, 1389, 9023735.0, 27.78, 0, 0, 30, 2.22
1774, 1385, 9028829.0, 27.7, 0, 0, 30, 2.3
1775, 1459, 9033952.0, 29.18, 0, 0, 30, 0.82
1776, 1453, 9039014.0, 29.06, 0, 0, 30, 0.94
1777, 1347, 9044121.0, 26.94, 0, 0, 30, 3.06
1778, 1323, 9049171.0, 26.46, 0, 0, 30, 3.54
1779, 1446, 9054303.0, 28.92, 0, 0, 30, 1.08
1780, 1044, 9059336.0, 20.88, 0, 0, 30, 9.12
1781, 1033, 9064435.0, 20.66, 0, 0, 30, 9.34
1782, 909, 9069514.0, 18.18, 0, 0, 30, 11.82
1783, 795, 9074636.0, 15.9, 0, 0, 30, 14.1
1784, 986, 9079712.0, 19.72, 0, 0, 30, 10.28
1785, 784, 9084825.0, 15.68, 0, 0, 30, 14.32
1786, 823, 9089909.0, 16.46, 0, 0, 30, 13.54
1787, 830, 9094975.0, 16.6, 0, 0, 30, 13.4
1788, 859, 9099962.0, 17.18, 0, 0, 30, 12.82
1789, 807, 9105077.0, 16.14, 0, 0, 30, 13.86
1790, 534, 9110128.0, 10.68, 0, 0, 30, 19.32
1791, 455, 9115343.0, 9.1, 0, 0, 30, 20.9
1792, 456, 9120411.0, 9.12, 0, 0, 30, 20.88
1793, 465, 9125515.0, 9.3, 0, 0, 30, 20.7
1794, 500, 9130570.0, 10.0, 0, 0, 30, 20.0
1795, 343, 9135737.0, 6.86, 0, 0, 30, 23.14
1796, 460, 9140770.0, 9.2, 0, 0, 30, 20.8
1797, 532, 9145873.0, 10.64, 0, 0, 30, 19.36
1798, 512, 9150947.0, 10.24, 0, 0, 30, 19.76
1799, 215, 9156079.0, 4.3, 0, 0, 30, 25.7
1800, 168, 9161137.0, 3.36, 0, 0, 30, 26.64
1801, 215, 9166216.0, 4.3, 0, 0, 30, 25.7
1802, 126, 9171296.0, 2.52, 0, 0, 30, 27.48
1803, -22, 9176416.0, -0.44, 0, 0, 29.56, 30
1804, -190, 9181510.0, -3.8, 0, 0, 26.2, 30
1805, -365, 9186603.0, -7.3, 0, 0, 22.7, 30
1806, -438, 9191670.0, -8.76, 0, 0, 21.24, 30
1807, -379, 9196750.0, -7.58, 0, 0, 22.42, 30
1808, -376, 9201861.0, -7.52, 0, 0, 22.48, 30
1809, -541, 9206917.0, -10.82, 0, 0, 19.18, 30
1810, -378, 9212050.0, -7.56, 0, 0, 22.44, 30
1811, -384, 9217126.0, -7.68, 0, 0, 22.32, 30
1812, -435, 9222200.0, -8.7, 0, 0, 21.3, 30
1813, -489, 9227313.0, -9.78, 0, 0, 20.22, 30
1814, -703, 9232400.0, -14.06, 0, 0, 15.94, 30
1815, -774, 9237485.0, -15.48, 0, 0, 14.52, 30
1816, -930, 9242575.0, -18.6, 0, 0, 11.4, 30
1817, -1183, 9247668.0, -23.66, 0, 0, 6.34, 30
1818, -1231, 9252739.0, -24.62, 0, 0, 5.38, 30
1819, -1264, 9257852.0, -25.28, 0, 0, 4.72, 30
1820, -1235, 9262930.0, -24.7, 0, 0, 5.3, 30
1821, -1208, 9268024.0, -24.16, 0, 0, 5.84, 30
1822, -1242, 9273116.0, -24.84, 0, 0, 5.16, 30
1823, -1202, 9278205.0, -24.04, 0, 0, 5.96, 30
1824, -1339, 9283299.0, -26.78, 0, 0, 3.22, 30
1825, -1166, 9288408.0, -23.32, 0, 0, 6.68, 30
1826, -1240, 9293468.0, -24.8, 0, 0, 5.2, 30
1827, -1340, 9298551.0, -26.8, 0, 0, 3.2, 30
1828, -1390, 9303652.0, -27.8, 0, 0, 2.2, 30
1829, -1590, 9308737.0, -31.8, 0, 0, 0, 30
1830, -1597, 9313841.0, -31.94, 0, 0, 0, 30
1831, -1513, 9318890.0, -30.26, 0, 0, 0, 30
1832, -1466, 9324027.0, -29.32, 0, 0, 0.68, 30
1833, -1385, 9329108.0, -27.7, 0, 0, 2.3, 30
1834, -1445, 9334230.0, -28.9, 0, 0, 1.1, 30
1835, -1444, 9339290.0, -28.88, 0, 0, 1.12, 30
1836, -1460, 9344376.0, -29.2, 0, 0, 0.8, 30
1837, -1787, 9349441.0, -35.74, 0, 0, 0, 30
1838, -1888, 9354394.0, -37.76, 0, 0, 0, 30
1839, -1762, 9359624.0, -35.24, 0, 0, 0, 30
1840, -1754, 9364703.0, -35.08, 0, 0, 0, 30
1841, -1845, 9369794.0, -36.9, 0, 0, 0, 30
1842, -1871, 9374938.0, -37.42, 0, 0, 0, 30
1843, -1752, 9379971.0, -35.04, 0, 0, 0, 30
1844, -1671, 9385110.0, -33.42, 0, 0, 0, 30
1845, -1594, 9390141.0, -31.88, 0, 0, 0, 30
1846, -1537, 9395254.0, -30.74, 0, 0, 0, 30
1847, -1454, 9400344.0, -29.08, 0, 0, 0.92, 30
1848, -1509, 9405462.0, -30.18, 0, 0, 0, 30
1849, -1503, 9410342.0, -30.06, 0, 0, 0, 30
1850, -1500, 9415597.0, -30.0, 0, 0, 0.0, 30
1851, -1500, 9420670.0, -30.0, 0, 0, 0.0, 30
1852, -1500, 9425777.0, -30.0, 0, 0, 0.0, 30
1853, -1497, 9430896.0, -29.94, 0, 0, 0.06, 30
1854, -1483, 9436015.0, -29.66, 0, 0, 0.34, 30
1855, -1433, 9441044.0, -28.66, 0, 0, 1.34, 30
1856, -1241, 9446161.0, -24.82, 0, 0, 5.18, 30
1857, -986, 9451249.0, -19.72, 0, 0, 10.28, 30
1858, -722, 9456328.0, -14.44, 0, 0, 15.56, 30
1859, -962, 9461432.0, -19.24, 0, 0, 10.76, 30
1860, -751, 9466521.0, -15.02, 0, 0, 14.98, 30
1861, -690, 9471601.0, -13.8, 0, 0, 16.2, 30
1862, -599, 9476694.0, -11.98, 0, 0, 18.02, 30
1863, -570, 9481786.0, -11.4, 0, 0, 18.6, 30
1864, -557, 9486865.0, -11.14, 0, 0, 18.86, 30
1865, -401, 9491949.0, -8.02, 0, 0, 21.98, 30
1866, -447, 9497050.0, -8.94, 0, 0, 21.06, 30
1867, -525, 9502110.0, -10.5, 0, 0, 19.5, 30
1868, -504, 9507240.0, -10.08, 0, 0, 19.92, 30
1869, -511, 9512367.0, -10.22, 0, 0, 19.78, 30
1870, -514, 9517419.0, -10.28, 0, 0, 19.72, 30
1871, -234, 9522499.0, -4.68, 0, 0, 25.32, 30
1872, -4, 9527580.0, -0.08, 0, 0, 29.92, 30
1873, -37, 9532687.0, -0.74, 0, 0, 29.26, 30
1874, 7, 9537925.0, 0.14, 0, 0, 30, 29.86
1875, -77, 9542996.0, -1.54, 0, 0, 28.46, 30
1876, 201, 9548098.0, 4.02, 0, 0, 30, 25.98
1877, 416, 9553151.0, 8.32, 0, 0, 30, 21.68
1878, 471, 9558254.0, 9.42, 0, 0, 30, 20.58
1879, 378, 9563336.0, 7.56, 0, 0, 30, 22.44
1880, 459, 9568381.0, 9.18, 0, 0, 30, 20.82
1881, 435, 9573517.0, 8.7, 0, 0, 30, 21.3
1882, 492, 9578608.0, 9.84, 0, 0, 30, 20.16
1883, 623, 9583709.0, 12.46, 0, 0, 30, 17.54
1884, 538, 9588772.0, 10.76, 0, 0, 30, 19.24
1885, 711, 9593920.0, 14.22, 0, 0, 30, 15.78
1886, 765, 9598956.0, 15.3, 0, 0, 30, 14.7
1887, 920, 9604088.0, 18.4, 0, 0, 30, 11.6
1888, 1091, 9609138.0, 21.82, 0, 0, 30, 8.18
1889, 1210, 9614259.0, 24.2, 0, 0, 30, 5.8
1890, 1167, 9619308.0, 23.34, 0, 0, 30, 6.66
1891, 1171, 9624403.0, 23.42, 0, 0, 30, 6.58
1892, 1149, 9629498.0, 22.98, 0, 0, 30, 7.02
1893, 1239, 9634625.0, 24.78, 0, 0, 30, 5.22
1894, 1336, 9639671.0, 26.72, 0, 0, 30, 3.28
1895, 1345, 9644792.0, 26.9, 0, 0, 30, 3.1
1896, 1361, 9649867.0, 27.22, 0, 0, 30, 2.78
1897, 1542, 9654942.0, 30.84, 0, 0, 30, 0
1898, 1377, 9660027.0, 27.54, 0, 0, 30, 2.46
1899, 1376, 9665169.0, 27.52, 0, 0, 30, 2.48
1900, 1420, 9670221.0, 28.4, 0, 0, 30, 1.6
1901, 1274, 9675325.0, 25.48, 0, 0, 30, 4.52
1902, 1206, 9680393.0, 24.12, 0, 0, 30, 5.88
1903, 1348, 9685502.0, 26.96, 0, 0, 30, 3.04
1904, 1178, 9690583.0, 23.56, 0, 0, 30, 6.44
1905, 1435, 9695725.0, 28.7, 0, 0, 30, 1.3
1906, 1407, 9700756.0, 28.14, 0, 0, 30, 1.86
1907, 1602, 9705829.0, 32.04, 0, 0, 30, 0
1908, 1700, 9710946.0, 34.0, 0, 0, 30, 0
1909, 2000, 9716057.0, 40.0, 0, 0, 30, 0
1910, 2000, 9721095.0, 40.0, 0, 0, 30, 0
1911, 2000, 9726181.0, 40.0, 0, 0, 30, 0
1912, 1902, 9731266.0, 38.04, 0, 0, 30, 0
1913, 2000, 9736337.0, 40.0, 0, 0, 30, 0
1914, 2000, 9741453.0, 40.0, 0, 0, 30, 0
1915, 2000, 9746532.0, 40.0, 0, 0, 30, 0
1916, 1771, 9751631.0, 35.42, 0, 0, 30, 0
1917, 2000, 9756722.0, 40.0, 0, 0, 30, 0
1918, 1760, 9761795.0, 35.2, 0, 0, 30, 0
1919, 1902, 9766904.0, 38.04, 0, 0, 30, 0
1920, 1732, 9771983.0, 34.64, 0, 0, 30, 0
1921, 2000, 9777086.0, 40.0, 0, 0, 30, 0
1922, 1945, 9782161.0, 38.9, 0, 0, 30, 0
1923, 1779, 9787237.0, 35.58, 0, 0, 30, 0
1924, 1503, 9792326.0, 30.06, 0, 0, 30, 0
1925, 1287, 9797443.0, 25.74, 0, 0, 30, 4.26
1926, 1407, 9802523.0, 28.14, 0, 0, 30, 1.86
1927, 1393, 9807616.0, 27.86, 0, 0, 30, 2.14
1928, 1322, 9812717.0, 26.44, 0, 0, 30, 3.56
1929, 1055, 9817812.0, 21.1, 0, 0, 30, 8.9
1930, 1051, 9822929.0, 21.02, 0, 0, 30, 8.98
1931, 669, 9827995.0, 13.38, 0, 0, 30, 16.62
1932, 543, 9833074.0, 10.86, 0, 0, 30, 19.14
1933, 515, 9838161.0, 10.3, 0, 0, 30, 19.7
1934, 709, 9843249.0, 14.18, 0, 0, 30, 15.82
1935, 733, 9848343.0, 14.66, 0, 0, 30, 15.34
1936, 620, 9853421.0, 12.4, 0, 0, 30, 17.6
1937, 712, 9858503.0, 14.24, 0, 0, 30, 15.76
1938, 563, 9863612.0, 11.26, 0, 0, 30, 18.74
1939, 558, 9868697.0, 11.16, 0, 0, 30, 18.84
1940, 576, 9873782.0, 11.52, 0, 0, 30, 18.48
1941, 514, 9878890.0, 10.28, 0, 0, 30, 19.72
1942, 542, 9884004.0, 10.84, 0, 0, 30, 19.16
1943, 485, 9889086.0, 9.7, 0, 0, 30, 20.3
1944, 330, 9894197.0, 6.6, 0, 0, 30, 23.4
1945, 294, 9899239.0, 5.88, 0, 0, 30, 24.12
1946, 296, 9904371.0, 5.92, 0, 0, 30, 24.08
1947, 421, 9909419.0, 8.42, 0, 0, 30, 21.58
1948, 290, 9914583.0, 5.8, 0, 0, 30, 24.2
1949, 200, 9919577.0, 4.0, 0, 0, 30, 26.0
1950, 189, 9924707.0, 3.78, 0, 0, 30, 26.22
1951, 249, 9929801.0, 4.98, 0, 0, 30, 25.02
1952, 380, 9934922.0, 7.6, 0, 0, 30, 22.4
1953, 173, 9939936.0, 3.46, 0, 0, 30, 26.54
1954, -44, 9945060.0, -0.88, 0, 0, 29.12, 30
1955, -327, 9950136.0, -6.54, 0, 0, 23.46, 30
1956, -441, 9955227.0, -8.82, 0, 0, 21.18, 30
1957, -356, 9960302.0, -7.12, 0, 0, 22.88, 30
1958, -527, 9965455.0, -10.54, 0, 0, 19.46, 30
1959, -546, 9970472.0, -10.92, 0, 0, 19.08, 30
1960, -463, 9975577.0, -9.26, 0, 0, 20.74, 30
1961, -508, 9980649.0, -10.16, 0, 0, 19.84, 30
1962, -243, 9985874.0, -4.86, 0, 0, 25.14, 30
1963, -752, 9990860.0, -15.04, 0, 0, 14.96, 30
1964, -901, 9995984.0, -18.02, 0, 0, 11.98, 30
1965, -1374, 10001023.0, -27.48, 0, 0, 2.52, 30
1966, -1497, 10006134.0, -29.94, 0, 0, 0.06, 30
1967, -1213, 10011198.0, -24.26, 0, 0, 5.74, 30
1968, -1271, 10016281.0, -25.42, 0, 0, 4.58, 30
1969, -1361, 10021368.0, -27.22, 0, 0, 2.78, 30
1970, -1529, 10026462.0, -30.58, 0, 0, 0, 30
1971, -1508, 10031575.0, -30.16, 0, 0, 0, 30
1972, -1707, 10036646.0, -34.14, 0, 0, 0, 30
1973, -1540, 10041719.0, -30.8, 0, 0, 0, 30
1974, -2000, 10046824.0, -40.0, 0, 0, 0, 30
1975, -2000, 10051894.0, -40.0, 0, 0, 0, 30
1976, -1940, 10056996.0, -38.8, 0, 0, 0, 30
1977, -1915, 10062085.0, -38.3, 0, 0, 0, 30
1978, -1842, 10067191.0, -36.84, 0, 0, 0, 30
1979, -2000, 10072269.0, -40.0, 0, 0, 0, 30
1980, -1932, 10077358.0, -38.64, 0, 0, 0, 30
1981, -1704, 10082466.0, -34.08, 0, 0, 0, 30
1982, -2000, 10087562.0, -40.0, 0, 0, 0, 30
1983, -1936, 10092616.0, -38.72, 0, 0, 0, 30
1984, -1676, 10097729.0, -33.52, 0, 0, 0, 30
1985, -1621, 10102797.0, -32.42, 0, 0, 0, 30
1986, -1826, 10107911.0, -36.52, 0, 0, 0, 30
1987, -2000, 10113036.0, -40.0, 0, 0, 0, 30
1988, -1743, 10118077.0, -34.86, 0, 0, 0, 30
1989, -1179, 10123178.0, -23.58, 0, 0, 6.42, 30
1990, -1785, 10128270.0, -35.7, 0, 0, 0, 30
1991, -1785, 10133300.0, -35.7, 0, 0, 0, 30
1992, -1860, 10138608.0, -37.2, 0, 0, 0, 30
1993, -1829, 10143637.0, -36.58, 0, 0, 0, 30
1994, -1828, 10148734.0, -36.56, 0, 0, 0, 30
1995, -1870, 10153864.0, -37.4, 0, 0, 0, 30
1996, -1743, 10158911.0, -34.86, 0, 0, 0, 30
1997, -1774, 10164066.0, -35.48, 0, 0, 0, 30
1998, -1603, 10169091.0, -32.06, 0, 0, 0, 30
1999, -1267, 10174233.0, -25.34, 0, 0, 4.66, 30
